question,document
破军星在疾厄宫的影响是什么？,3d16326d
疾厄宫加煞星会导致哪些健康问题？,3d16326d
化禄对肾、泌尿生殖疾病的影响有哪些？,3d16326d
破军与擎羊同宫会引发哪些急性疾病？,3d16326d
肾虚、阳痿与紫微斗数中的四化有何关系？,3d16326d
紫微星在夫妻宫有什么影响？,c769db35
夫妻宫遇见四煞会有哪些感情问题？,c769db35
紫贪在卯酉宫，配偶的外遇机率有多高？,c769db35
命宫破军会对配偶的性能力有何影响？,c769db35
夫妻宫逢化权会影响配偶的家庭背景吗？,c769db35
天相星在命宫有什么影响？,b514e30b
天相与天府相遇时的吉凶如何分析？,b514e30b
刑忌夹印格对事业发展有什么影响？,b514e30b
天相和擎羊同时出现会有什么凶险？,b514e30b
天相入女命时的性格与容貌特点是什么？,b514e30b
天相星在夫妻宫的影响是什么？,64cdfcf1
与右弼同宫的天相星对婚姻的格局有什么利弊？,64cdfcf1
夫妻宫见六吉单星时，二婚的可能性有多大？,64cdfcf1
丑未宫的配偶能力如何？是否会存在纳妾的可能？,64cdfcf1
天相星加煞星时，如何影响婚姻和配偶的性情？,64cdfcf1
龙池凤阁星在命宫如何影响个人的才艺和声名？,9f0c086c
龙池与凤阁同宫的优势与劣势是什么？,9f0c086c
在龙池和凤阁的影响下，如何看待男女命局的不同发展？,9f0c086c
龙池凤阁与四化（禄、权、科、忌）的关系如何?,9f0c086c
龙池凤阁星的组合与健康方面的潜在问题有哪些？,9f0c086c
巨门星在疾厄宫的潜在健康问题？,bc8cc075
化禄对消化系统的影响是什么？,bc8cc075
巨门加陀罗会引发哪些心血管疾病？,bc8cc075
化忌影响哪些生殖和呼吸系统疾病？,bc8cc075
庙旺与失陷情况下的健康差异是什么？,bc8cc075
紫微星在奴仆宫的性质如何？,3484f993
紫微化权对人际关系的影响是什么？,3484f993
朋友部门是否得力，如何影响事业发展？,3484f993
遇到煞星时紫微星会带来怎样的后果？,3484f993
紫微在奴仆宫与桃花的组合会引发哪些感情问题？,3484f993
天相星入事业宫的影响是什么？,d4bbe992
见紫微化权科时，事业如何发展？,d4bbe992
四煞加会对事业造成什么样的阻滞？,d4bbe992
当天府库盈时，天相星的事业运势如何？,d4bbe992
就业范围广泛但不宜作第一把手的原因是什么？,d4bbe992
武曲星在兄弟宫的含义是什么？,5dc5d338
兄弟宫见擎羊、火星有什么影响？,5dc5d338
化禄在兄弟宫的影响如何？,5dc5d338
兄弟宫与煞星相遇时会有什么后果？,5dc5d338
兄弟相处不和的主要原因是什么？,5dc5d338
天哭与天虚共在命宫的影响是什么？,d0cf93c5
天哭星与巨门星同宫时的凶性表现如何？,d0cf93c5
四化是否对天哭和天虚星的运势有影响？,d0cf93c5
天虚星在命局中的作用及其对事业的影响是什么？,d0cf93c5
女命逢天哭星与天虚星时的感情状况如何？,d0cf93c5
天相星在财帛宫的影响如何？,84982b68
财运起伏是否与刑忌夹印有关？,84982b68
如何解读天相星与陀罗同宫的财运风险？,84982b68
四化之禄存化禄在财帛宫有何吉凶表现？,84982b68
丑未宫的财运变化与吉星的关系是怎样的？,84982b68
紫微星在福德宫，对生活有什么影响？,7114bfed
紫微星与左右吉星结合，对个人福祉有何帮助？,7114bfed
紫微化科对人的思想与内心有何积极作用？,7114bfed
紫微与贪狼化禄，如何影响财运与享乐？,7114bfed
紫微星在命宫与福德宫的吉凶情况分别如何？,7114bfed
三奇佳会格在命宫的含义是什么？,32274470
化禄、化权、化科三方相合于命宫时的影响是什么？,32274470
化忌星入命宫对人生的具体影响是什么？,32274470
化禄与化权相遇时可能带来的机遇有哪些？,32274470
化科星与化忌同宫时可能产生哪些负面影响？,32274470
天相星在兄弟宫的影响是什么？,7fa1a7c4
兄弟宫陷地会有什么后果？,7fa1a7c4
兄弟之间的互动如何影响个人的社会地位？,7fa1a7c4
加煞忌会对兄弟关系造成什么影响？,7fa1a7c4
兄弟宫有武廉破化吉时的运势如何？,7fa1a7c4
贪狼星在福德宫的影响是什么？,e2f0e704
化禄如何影响贪狼星所掌控的福德宫？,e2f0e704
贪狼星与桃花星相遇时，对感情关系有什么启示？,e2f0e704
贪狼星在福德宫的配置如何导致多感情烦恼？,e2f0e704
贪狼和紫微同宫会带来怎样的好运？,e2f0e704
太阴星在福德宫的影响如何？,86c8eb77
化禄对命主的福寿有何作用？,86c8eb77
福德宫与命宫皆吉的命主性格特点是什么？,86c8eb77
夜生人与桃花星的关系如何影响异性缘？,86c8eb77
伴随化忌的主要问题表现在哪些方面？,86c8eb77
长生入命宫有什么影响？,05c159d9
冠带与帝旺的结合如何影响事业？,05c159d9
沐浴与感情宫的关系是什么？,05c159d9
临官在命宫会带来什么样的生活状态？,05c159d9
长生、冠带与四化之间的关联如何？,05c159d9
太阴星在奴仆宫的特点是什么？,60947bba
太阴星与化禄、化权、化科、化忌的关系如何影响朋友关系？,60947bba
太阴星在命宫会带来哪些异性缘和助力？,60947bba
太阴星遭遇空劫与煞星对财运的影响是怎样的？,60947bba
命宫中太阴星与火铃、天机的组合意味着什么？,60947bba
天府星在兄弟宫如何影响兄弟关系？,e37463c1
兄弟宫见煞刑忌对感情有何影响？,e37463c1
兄弟宫中有天姚、天虚、大耗，如何解读权术阴谋？,e37463c1
兄弟众多对个人事业的助益是什么？,e37463c1
四化中兄弟宫影响财务纠纷的可能性如何？,e37463c1
破军星在迁移宫的影响是什么？,70491ef3
化禄如何影响在外的专业技术创业发展？,70491ef3
文昌星在出外遇贵人的情况如何？,70491ef3
四化中的化权在外的表现及其影响是什么？,70491ef3
羊陀星与破败灾祸的关系是什么？,70491ef3
七杀星入官禄宫对事业发展有什么影响？,f9bacaca
七杀星在官禄宫与紫微廉贞同宫的组合如何提高事业运？,f9bacaca
七杀星与火铃同宫会对职业变化产生什么影响？,f9bacaca
会武曲化禄对七杀星的工作选择有何建议？,f9bacaca
七杀星在官禄宫不宜合伙的原因是什么？,f9bacaca
火星铃星同在命宫的影响是什么？,c50f70ef
火铃夹命对婚姻及家庭的影响如何？,c50f70ef
火星在命宫守命而无吉星会有什么后果？,c50f70ef
火铃的四化对个人事业的影响是怎样的？,c50f70ef
铃星在女命中体现出的性格与境遇有何不同？,c50f70ef
巨门星在官禄宫对事业的影响？,bc85a84d
巨门化权与庙旺状态的职业建议？,bc85a84d
巨门与化忌的组合对职场关系的影响？,bc85a84d
在巨门星影响下，最适合从事哪些职业？,bc85a84d
巨门加火铃时的事业突破机会如何？,bc85a84d
天机星入兄弟宫的影响是什么？,38118d6c
兄弟宫逢化禄有什么积极效果？,38118d6c
兄弟宫加煞会造成什么样的关系问题？,38118d6c
寅申巳亥的兄弟关系是怎样的？,38118d6c
如何看待兄弟宫遇到化权的状况？,38118d6c
命宫在空亡，何影响个人运势？,26685b12
截空与旬空的区别及其对事业的影响？,26685b12
财帛宫遇空星，财运为何难聚？,26685b12
入命有空亡现象，一生运势如何？,26685b12
空亡遇吉星是否能化解凶煞影响？,26685b12
天魁天钺在命宫，如何影响事业发展？,9f18ab71
天魁与天钺合相，女命会有什么样的感情变化？,9f18ab71
四化对天魁星的影响如何？,9f18ab71
天魁与天钺在丑宫，主导了哪些人生机会？,9f18ab71
魁钺夹命格如何助力职业成功？,9f18ab71
天梁星在夫妻宫有何影响？,1e857987
天梁化权禄会带来怎样的感情波动？,1e857987
配偶年龄与天梁星组合的关系是什么？,1e857987
夫妻宫加煞与离婚的关联如何？,1e857987
男命有天梁星会遇到怎样的婚姻问题？,1e857987
天寿星在命宫的具体影响是什么？,948ae6ae
天才星与天机星同宫时，会对个性产生哪些变化？,948ae6ae
命宫遇空亡会造成什么样的运势？,948ae6ae
天寿星与天梁星同守时，有哪些可能的灾病风险？,948ae6ae
四化中，天寿星的四化对福寿的影响如何？,948ae6ae
阴煞星在命宫的影响？,bf9cdc61
阴煞星的特性如何影响个人命运？,bf9cdc61
阴煞星与煞星同缠时的危害？,bf9cdc61
阴煞星对健康的具体影响？,bf9cdc61
如何减轻阴煞星带来的小人干扰？,bf9cdc61
太阳星在奴仆宫的特点是什么？,7bab944d
太阳的化禄影响交际与朋友关系吗？,7bab944d
太阳化忌对于部属和朋友关系的影响有哪些？,7bab944d
阳梁在卯宫和酉宫的表现有何不同？,7bab944d
阳阴组合对人际关系的影响如何？,7bab944d
贪狼星在父母宫有什么影响？,0396a58c
化禄对父母与本人感情的改善有何作用？,0396a58c
父母宫遇紫微星时，会对父母关系产生怎样的变化？,0396a58c
化权对父亲的影响是否导致父子缘薄？,0396a58c
贪狼星伴随桃花星或天刑廉贞时，父母是否可能有重婚或外遇？,0396a58c
将星在事业宫的影响是什么？,d540c6f1
流年遇岁驿时事业的转职机会如何？,d540c6f1
华盖星对命局中学业和才艺的影响有哪些？,d540c6f1
劫煞如何影响个人的财运与健康状态？,d540c6f1
咸池星在命局中是否会导致感情上的不忠或外遇？,d540c6f1
七杀星在夫妻宫的影响是什么？,304f4e96
夫妻宫有七杀与贪狼化忌的组合会怎样？,304f4e96
中年后有分床分居的可能性分析是什么？,304f4e96
关于七杀与破军组合的婚姻特点是什么？,304f4e96
若夫妻宫有吉星，配偶会带来何种影响？,304f4e96
天府星在疾厄宫的影响是什么？,7994b310
天府星与空露同度时有什么健康隐患？,7994b310
天府星与紫微同度时可能导致哪些病症？,7994b310
天府星的煞星组合会如何影响健康？,7994b310
在疾厄宫，天府星与火性星曜结合会产生什么效果？,7994b310
天机星入命宫有什么影响？,28c28ad8
天机与巨门同宫，会有什么性格特征？,28c28ad8
天机的四化组合中，化权和化科分别会如何影响事业？,28c28ad8
天机星入庙时的性情与陷地时有何不同？,28c28ad8
天机在丑未宫与寅申宫的命主，事业上有何差异？,28c28ad8
天机星在疾厄宫的主要病症有哪些？,5adf8a4f
化禄权科对健康有什么影响？,5adf8a4f
天机与火陀同宫时可能导致哪些疾病？,5adf8a4f
肝胆病与桃花星的关系是什么？,5adf8a4f
机巨组合会导致哪些消化系统问题？,5adf8a4f
天机星在福德宫的影响是什么？,3b703253
四化中的化禄、化权、化科对命运有什么影响？,3b703253
命宫庙旺与不安宁的关系是什么？,3b703253
子午宫的分析能力如何影响事业发展？,3b703253
丑未宫和已亥宫在思虑方面的差异是什么？,3b703253
天梁星在迁移宫的影响是什么?,f1822f06
化禄在迁移宫如何影响升迁机会?,f1822f06
迁移宫加羊陀会带来什么样的运势变化?,f1822f06
子午宫在外发展的机遇有哪些?,f1822f06
丑未宫的职业发展潜力如何?,f1822f06
红鸾星与天喜星入命宫，婚姻喜庆的影响是什么？,66b1b3f1
命宫有红鸾与天喜同宫，桃花运如何？,66b1b3f1
天喜星在命宫的意义及其对感情的正面影响是什么？,66b1b3f1
命宫星曜为红鸾与天喜，其性格特征如何影响人际关系？,66b1b3f1
四化中，红鸾与天喜有什么吉庆意义？,66b1b3f1
兄弟宫中天同星的影响？,2552d182
化禄与兄弟情义的关系如何？,2552d182
兄弟多且庙旺的情形下，助益如何？,2552d182
兄弟中出现擎羊星会有什么影响？,2552d182
丑未宫同时巨星，兄弟关系如何？,2552d182
太阳星入疾厄宫影响哪些健康问题？,8f9d15da
太阳化禄在健康上有哪些积极影响？,8f9d15da
太阳与擎羊同宫会导致哪些疾病？,8f9d15da
疾厄宫有神经系统倾向时风险有哪些？,8f9d15da
阳梁与煞星组合对健康的具体影响是什么？,8f9d15da
左辅右弼同守命宫的影响是什么？,500100bc
命宫有左辅和右弼，如何体现个人的性格特征？,500100bc
左辅右弼与紫微同宫的组合，事业运如何？,500100bc
四化与左辅右弼的关系是什么？,500100bc
命宫左辅右弼加会煞星的吉凶表现如何？,500100bc
夫妻宫太阴星与文曲同守如何影响婚姻和事业？,1f0b23c5
化禄在夫妻宫意味着什么？,1f0b23c5
夫妻宫见火铃、羊陀、空劫时，配偶关系会有怎样的变化？,1f0b23c5
男命妻子文静且聪明，是否与夫妻宫的星曜组合有关？,1f0b23c5
配偶的外在性格和內在性格对婚姻的影响是什么？,1f0b23c5
兄弟宫主星为文昌文曲时，家庭氛围如何？,0f565baf
化科对兄弟的影响是什么？,0f565baf
化忌会对兄弟关系产生什么负面影响？,0f565baf
禄存星在兄弟宫时，兄弟的性格特点是怎样的？,0f565baf
天姚星在命宫对兄弟姐妹关系有何影响？,0f565baf
博士入命宫有什么影响？,e7217224
飞廉与病符会影响命主的健康吗？,e7217224
力士与化权同宫有什么样的权力增益？,e7217224
官符入命时，如何避免官非和纠纷？,e7217224
喜神入命是否会改善感情和婚姻状况？,e7217224
天梁星在子女宫的影响是什么？,bcf8bb87
子女宫加化禄时，子女的表现如何？,bcf8bb87
昌曲同宫会对子女的聪明才智产生怎样的影响？,bcf8bb87
何种星曜组合会导致子女数量减少或有小产风险？,bcf8bb87
子午宫和午宫对子女数量的影响分别是什么？,bcf8bb87
破军星入官禄宫如何影响事业发展？,416d5b5a
逢化禄时多元化经营对事业有什么帮助？,416d5b5a
破军与羊陀同度会带来怎样的职业挑战？,416d5b5a
缺乏禄星与吉星在命宫时，职业上会面临哪些困境？,416d5b5a
破军于工业中，如何运用创新特长获得成功？,416d5b5a
廉贞星在兄弟宫的影响如何？,95b63e02
兄弟宫有煞星时的关系状况如何？,95b63e02
兄弟的贵气成就如何影响交情？,95b63e02
兄弟及朋友间的关系应如何维护？,95b63e02
涉及四化时，兄弟宫的表现会有何变化？,95b63e02
父母宫对父母的寿命影响如何？,c67a4d3f
父母宫与长辈关系的关联是什么？,c67a4d3f
紫微斗数中父母宫吉与凶的影响分别是什么？,c67a4d3f
四化在父母宫中如何判断父母的状况？,c67a4d3f
父母宫受哪些星曜组合影响最明显？,c67a4d3f
破军星在兄弟宫的影响是什么？,e8a40403
兄弟宫见煞会导致哪些后果？,e8a40403
化禄星如何改善兄弟朋友关系？,e8a40403
兄弟姐妹年纪差距大的表现与分析？,e8a40403
加昌曲魁钺的意义及其对兄弟关系的影响？,e8a40403
七杀星在父母宫的影响？,ca2421fc
父母宫加煞的后果是什么？,ca2421fc
七杀与紫微同宫的关系如何改善父母缘分？,ca2421fc
母亲生产时有危险的星曜组合是哪些？,ca2421fc
与父母关系不佳的星盘表现有哪些？,ca2421fc
天机星在父母宫有何影响？,f4e88cd5
化禄对父母关系的影响是什么？,f4e88cd5
父母宫有刑克时，子女会面临哪些问题？,f4e88cd5
子午宫的特征如何影响亲子关系？,f4e88cd5
六煞天刑对父母关系的具体影响是什么？,f4e88cd5
紫微星入疾厄宫对健康有何影响？,198dbd04
紫微星与桃花星同度时会导致哪些疾病？,198dbd04
四化中化权对肠胃健康有何影响？,198dbd04
紫微与擎羊同度时可能会有怎样的身体状况？,198dbd04
紫微合煞星会引发哪些隐疾或伤灾？,198dbd04
天府星在福德宫有什么影响？,94e5958f
四煞加在福德宫如何影响个性？,94e5958f
丑未宫的福禄双美表现为何？,94e5958f
已亥宫的重视身心安全意味着什么？,94e5958f
天府星与科文星的组合如何影响理财和人际关系？,94e5958f
武曲星在子女宫的影响是什么？,850a554c
化禄对子女财运及性格有何影响？,850a554c
子女多为女性，这在紫微斗数中有什么解释？,850a554c
武贪组合会对子女的命运产生怎样的影响？,850a554c
化忌对子女的生育及健康有什么潜在风险？,850a554c
太阳星在迁移宫的影响？,35412129
太阳化禄在外求学求职的吉凶如何？,35412129
太阳化权是否会导致在外辛劳？,35412129
太阳化忌对事业的阻滞和劳碌有何影响？,35412129
命迁加煞对外地发展的影响是什么？,35412129
贪狼星在奴仆宫的影响是什么？,e75f6e49
化禄与化权对交友及部属的影响如何？,e75f6e49
怎样克服因酒色朋友而导致的财务损失？,e75f6e49
子午宫与朋友部属的关系如何影响事业发展？,e75f6e49
陷地状态下的朋友部下对个人的影响是什么？,e75f6e49
太阴星在疾厄宫的影响？,0da39cdc
太阴星与擎羊同宫的病症？,0da39cdc
疾厄宫中的化禄如何影响健康状况？,0da39cdc
太阴星与化权的组合对女性健康的影响？,0da39cdc
化忌对太阴星的健康影响有哪些？,0da39cdc
事业宫与命宫如何相互影响？,0ba642eb
事业宫坐镇吉星时的事业发展趋势如何？,0ba642eb
官禄宫遇化忌星时需要注意哪些职场问题？,0ba642eb
事业宫与左右同宫对职业发展有什么具体影响？,0ba642eb
文星在事业宫时，适合从事哪些类型的工作？,0ba642eb
天梁星在官禄宫的职业适宜性是什么？,0fa771aa
逢化禄时从事财务审计或医药有哪些优势？,0fa771aa
天梁与巨门相会化禄对事业的影响如何？,0fa771aa
天梁在庙旺状态下对官运和财富有什么帮助？,0fa771aa
天梁加煞时事业出现什么样的危机？,0fa771aa
天相星在疾厄宫的病症表现有哪些？,92754f11
天相星遇羊陀及火铃会引发哪些健康问题？,92754f11
天相与空劫、虚星组合对健康有何影响？,92754f11
天相星与紫微星同宫，对事业和人际关系的影响如何？,92754f11
天相星逢四煞、刑忌夹，可能导致的严重疾病有哪些？,92754f11
天姚星入命宫的特征与影响是什么？,3a65204d
咸池星主何种感情情况及其对婚姻的影响？,3a65204d
天刑星在命宫时怎么体现孤克与多病的特性？,3a65204d
天姚与咸池同宫会对感情造成何种影响？,3a65204d
天姚、咸池与天刑相遇时，如何影响个人运势？,3a65204d
破军星在父母宫的影响是什么？,afb2f254
化禄对父母关系的改善作用如何？,afb2f254
文昌星在父母宫说明父母具有什么样的文学修养？,afb2f254
火铃与羊陀同宫对父母关系的影响是什么？,afb2f254
泪虚如何表现为父母的烦恼和破相？,afb2f254
太阴星在父母宫的影响是什么？,a8a140bc
化禄对母亲的事业和家庭关系有何帮助？,a8a140bc
太阴失陷会对母亲和妻子的健康造成怎样的影响？,a8a140bc
化权会如何影响母亲的职业成就及对子女的助力？,a8a140bc
太阴与太阳星联合带煞对家庭关系的影响如何？,a8a140bc
廉贞星在官禄宫对事业发展的影响是什么？,231d4d5c
四化对廉贞星事业宫的影响如何？,231d4d5c
廉贞星与擎羊同宫会带来怎样的职业风险？,231d4d5c
遇到化忌时，廉贞星的事业运势会如何？,231d4d5c
命宫紫微的组合对经济和职业发展的启示是什么？,231d4d5c
天相星在子女宫会有什么影响？,847782db
左右同宫与昌曲夹或会时，子女成器的概率如何？,847782db
天府充盈在子女宫代表什么？,847782db
四化中的化忌如何影响子女数量？,847782db
逢六凶夹及刑忌后，子女的命运如何？,847782db
贪狼星在夫妻宫的影响？,a98b31fc
贪狼化权如何影响配偶关系？,a98b31fc
贪狼居亥子宫配偶特征？,a98b31fc
夫妻宫遇桃花星可能导致什么？,a98b31fc
贪狼星加煞后的感情状况如何？,a98b31fc
天同星在财帛宫的影响是什么？,9f55a54b
天同与禄存化禄结合时会有什么财运表现？,9f55a54b
同阴与子宫组合如何影响财运？,9f55a54b
财帛宫有煞星影响时，财运会出现什么问题？,9f55a54b
财运平稳的因素有哪些，是否与天同星相关？,9f55a54b
七杀星在迁移宫对外出创业有什么影响？,22cf9b83
七杀与煞忌同宫会导致哪些风险？,22cf9b83
加禄存化禄后的七杀星如何影响名利？,22cf9b83
如何理解七杀星与会武曲、廉贞的组合？,22cf9b83
七杀星在迁移宫会煞忌刑应注意哪些安全问题？,22cf9b83
天同星在夫妻宫的具体影响是什么？,861d13e6
化禄对配偶的性格和感情的影响如何？,861d13e6
夫妻宫与桃花星组合时有何潜在的婚姻波折？,861d13e6
夫妻宫与巨门同宫的感情复杂性如何体现？,861d13e6
卯酉宫如何影响配偶的年龄差异及感情状况？,861d13e6
武曲星在夫妻宫会对感情产生怎样的影响？,eb3bcec3
化禄能改善婚姻关系吗？,eb3bcec3
夫妻宫见煞忌会导致哪些问题？,eb3bcec3
武曲与贪狼同宫对婚姻有何影响？,eb3bcec3
早婚或迟婚对配偶关系有何不同的影响？,eb3bcec3
太阴星在财帛宫的影响是什么？,963ea696
太阴星与化禄结合时如何影响财运？,963ea696
太阴星加煞时，财富状况会有什么变化？,963ea696
卯酉宫与太阴星相结合时，如何影响财富积累？,963ea696
辰戌宫的格局对太阴星的财运有何影响？,963ea696
破军星在田宅宫有何影响？,fe04a1d2
化禄星在田宅宫的表现如何？,fe04a1d2
田宅宫加煞时将造成何种居住状况？,fe04a1d2
破军与羊陀同宫表示怎样的居家环境？,fe04a1d2
化忌星对家宅的负面影响有哪些？,fe04a1d2
兄弟宫太阳星庙旺表现如何？,b358be0c
兄弟乐于助人的原因是什么？,b358be0c
逢化禄的兄弟事业发展如何？,b358be0c
兄弟宫出现化忌会有什么影响？,b358be0c
丑宫逢太阳化忌的潜在问题是什么？,b358be0c
迁移宫吉凶对人生发展有什么影响？,aef27738
迁移宫逢紫府机同阳阴梁能带来何种机会？,aef27738
迁移宫的化忌如何影响迁动后的吉凶？,aef27738
出外求谋时应如何结合命宫与迁移宫的吉凶？,aef27738
迁移宫逢煞刑忌等恶星，预示哪些可能的挫折？,aef27738
天机星在奴仆宫对交友和人际关系的影响？,474f7d06
化禄对朋友、部属关系的稳定性如何？,474f7d06
四化中化忌会带来哪些人际纠纷？,474f7d06
庙旺的天机星在奴仆宫下如何影响朋友助益？,474f7d06
机阴和化吉的组合对交友有何影响？,474f7d06
天机星在官禄宫的影响是什么？,d0e7476a
天机化禄对事业运有何影响？,d0e7476a
子午宫的组合如何影响事业发展？,d0e7476a
加会昌曲对职业选择有何建议？,d0e7476a
化忌如何导致职业不稳与是非纠纷？,d0e7476a
巨门星在命宫的个性特点是什么？,c5262bff
巨门星如何影响人际关系？,c5262bff
巨门星入命后对事业有何影响？,c5262bff
巨门与四化的组合会如何影响命主的生活？,c5262bff
巨门星在陷地时的吉凶分析为何？,c5262bff
命宫之外的星曜如何影响六亲宫？,02dcce2e
六亲宫的星曜与兄弟子女的性情关系如何？,02dcce2e
从六亲宫看出六亲的富贵贫贱情况吗？,02dcce2e
如何结合命宫与六亲宫分析六亲的才华成就？,02dcce2e
是否可以将六亲宫视为新命宫进行分析？,02dcce2e
命宫有天官星和天福星的影响？,9c5b0492
天官星在命宫如何形成贵显格局？,9c5b0492
天福星与天同同宫对人际关系的影响？,9c5b0492
如何解读命宫中天福星与天官星的组合？,9c5b0492
天官星遇空亡时的事业发展如何？,9c5b0492
太阳星在田宅宫的影响是什么？,59fb0c03
化禄的作用如何影响不动产运？,59fb0c03
日月同宫对祖业的意义是什么？,59fb0c03
住宅采光不良会带来哪些健康问题？,59fb0c03
太阳化忌与煞星的关系如何影响职业呢？,59fb0c03
奴仆宫的强弱对人际关系有何影响？,3cb417b6
奴仆宫无主星会导致怎样的朋友关系？,3cb417b6
奴仆宫有左右魁钺同度时朋友部下的助力如何？,3cb417b6
奴仆宫与命宫的关系如何影响个人发展？,3cb417b6
奴仆宫逢四煞时会出现什么样的社会交际问题？,3cb417b6
兄弟宫的星曜组合有哪些影响？,6e070d01
兄弟宫若遇到四煞化忌，如何影响兄弟关系？,6e070d01
兄弟宫中有紫府同日月相梁禄及六吉星，主兄弟姐妹有什么样的情义？,6e070d01
命宫与兄弟宫的强弱关系是什么？,6e070d01
兄弟宫中遇到化禄，对事业有何助力？,6e070d01
紫微星入父母宫如何影响个人的事业发展？,5603e429
父母宫化科的含义及其对个人性格的影响是什么？,5603e429
紫微破军组合在家庭关系中可能带来怎样的感情纠纷？,5603e429
父母宫的紫贪星与父母关系如何？,5603e429
紫微星与煞星的组合对父母关系和个人成长有何影响？,5603e429
天机星入财帛宫影响如何？,5c9e8137
财帛宫有化禄时是否能聚财？,5c9e8137
天机星在财帛宫如何体现财运起伏？,5c9e8137
如何理解午宫与子宫的财运差异？,5c9e8137
机巨、机梁组合对财运有何启示？,5c9e8137
武曲星在福德宫的影响？,2e6360b1
化禄对财务管理的作用是什么？,2e6360b1
辰戌宫庙旺的运势及影响？,2e6360b1
武曲与天府合的生活状态如何？,2e6360b1
武贪组合对感情发展及健康的影响？,2e6360b1
巨门星在夫妻宫的影响是什么？,7ee2f845
化禄对配偶关系的改善有何作用？,7ee2f845
加煞忌会导致哪些婚姻不和的情况？,7ee2f845
巨门和太阳会照庙旺时的婚姻状况如何？,7ee2f845
夫妻宫加刑姚、羊火等煞星会有什么结果？,7ee2f845
破军星在财帛宫的影响是什么？,e21ae7a5
破军与紫微同宫如何影响财运？,e21ae7a5
破军加吉有何效果？,e21ae7a5
化禄与破军结合会带来哪些财务变化？,e21ae7a5
子午宫与财运的关系是什么？,e21ae7a5
七杀星在福德宫对人生有什么具体影响？,eac993d1
福德宫加煞的情况下会有哪些负面表现？,eac993d1
如何看待七杀与武曲同度在事业上的影响？,eac993d1
遇到化忌时，福德宫的命主会面临哪些挫折？,eac993d1
七杀星在福德宫下，婚姻及感情生活会有什么样的波折？,eac993d1
天府星在奴仆宫如何影响交友与事业发展？,eb6ed253
如何看待天府星与天相的关系对个人影响？,eb6ed253
天府星加煞刑忌会带来哪些风险？,eb6ed253
丑未宫与卯酉宫的结合会影响哪些人际关系？,eb6ed253
在奴仆宫中，天府星加吉会如何提升事业成功？,eb6ed253
太阳星在命宫的影响是什么？,9f0d06ae
太阳星在命宫的贵气与声望如何看待？,9f0d06ae
太阳与太阴同宫对事业与感情的影响是什么？,9f0d06ae
太阳和化禄星同宫时的财富运势如何？,9f0d06ae
太阳落陷时对父亲的影响有哪些？,9f0d06ae
廉贞星在奴仆宫的影响？,3129263b
四化禄的作用与朋友交往的关系？,3129263b
交友广但易交损友，如何理解？,3129263b
廉贞化忌如何影响人际关系和财务？,3129263b
感情关系的波动与煞星的影响？,3129263b
廉贞星在命宫的影响是什么？,032f80dd
廉贞与紫微星同宫时的职业发展如何？,032f80dd
廉贞化禄对事业的意义是什么？,032f80dd
廉贞入夫妻宫会带来怎样的感情影响？,032f80dd
廉贞与贪狼同守时可能出现什么样的情感问题？,032f80dd
天府星在田宅宫的影响是什么？,9a1a8243
田宅宫见禄存如何影响财富积累？,9a1a8243
天府入田宅与祖业丰厚之间的关系是什么？,9a1a8243
住宅临微高之地对居住环境的影响如何？,9a1a8243
田宅宫受到火星和空劫的影响有何潜在风险？,9a1a8243
贪狼星在命宫的主要性格特点是什么？,e82096a7
贪狼与火铃同宫会产生怎样的影响？,e82096a7
贪狼在四墓宫遇羊陀会有什么样的凶兆？,e82096a7
贪狼与化禄的组合会对财运有何影响？,e82096a7
贪狼坐命后，男命和女命分别会面临哪些特定的挑战？,e82096a7
太阴星落在子女宫，代表什么样的子女特质？,737714d1
化禄与太阴星同宫，对孩子的影响是什么？,737714d1
太阴星加吉星会有什么样的子女状况？,737714d1
卯酉宫中的桃花星对子女的感情困扰有何影响？,737714d1
太阴星与化忌组合，可能导致哪些子女问题？,737714d1
夫妻宫天机星如何影响配偶性格与婚姻质量？,f4eb8111
天机化禄对配偶的性格和婚姻幸福有何促进作用？,f4eb8111
天机化忌与煞星结合后，如何影响婚姻关系的稳定性？,f4eb8111
夫妻宫加煞刑忌，配偶性格及情感波动如何表现？,f4eb8111
男命早婚与女性结合年龄差异对婚姻稳定的影响如何？,f4eb8111
天府星在子女宫的影响是什么？,5e90646f
子女多于五人的配置有哪些？,5e90646f
子女有病灾性情差的原因是什么？,5e90646f
子女的组织才干如何在巳亥宫体现？,5e90646f
四化忌的影响对子女关系有什么具体表现？,5e90646f
廉贞星在疾厄宫的病症表现有哪些？,4f84cfdc
四化中化忌对健康的影响是什么？,4f84cfdc
廉贞与煞星的组合会导致哪些疾病？,4f84cfdc
如何理解廉贞星与肾病的关系？,4f84cfdc
有限年对廉贞星的疾病影响有哪些？,4f84cfdc
天巫星在命宫的影响是什么？,e4f3b90f
天巫与天梁同度于命宫会产生什么效果？,e4f3b90f
流年遇天巫星期间升迁的可能性如何？,e4f3b90f
天巫入身宫的特点及其对个人发展的影响是什么？,e4f3b90f
天巫与华盖组合在技能和艺术上的体现如何？,e4f3b90f
廉贞星在福德宫的影响？,ab7b8368
廉贞化禄如何提升艺术气质？,ab7b8368
廉贞与桃花星组合的潜在问题？,ab7b8368
廉贞化忌对人际关系的影响？,ab7b8368
廉贞命主的劳碌命特征有哪些？,ab7b8368
天机星在子女宫的影响是什么？,c54f3b7c
化禄在子女宫的具体表现如何？,c54f3b7c
子女宫中有煞星的后果有哪些？,c54f3b7c
子女数量与宫位组合的关系是什么？,c54f3b7c
夫妻宫是否与子女数量有直接关联？,c54f3b7c
天同星在福德宫的影响？,cfd914c9
化禄对福德宫的福寿增益如何？,cfd914c9
福德宫庙旺无煞会带来哪些人生特点？,cfd914c9
天同化忌对情绪及人际关系的影响是什么？,cfd914c9
福德宫加煞星后会如何影响生活质量？,cfd914c9
天空星与地劫星同守命宫有何影响？,587384db
空劫星与正星同宫时的吉凶变化？,587384db
四化对空劫星的影响如何？,587384db
天空星与职业生涯的关联是什么？,587384db
地劫星入命身主何种性格特点？,587384db
贪狼星在财帛宫的财运如何？,f17e3b81
逢化禄时贪狼星的财运表现如何？,f17e3b81
贪狼星与火铃同宫会有什么财运影响？,f17e3b81
贪狼星加煞会导致哪些财务风险？,f17e3b81
子午宫的财运特点是什么？,f17e3b81
天德星在命宫的影响是什么？,3309ef32
天德星如何化解煞星及桃花星？,3309ef32
天德星入命带来的事业成功率如何？,3309ef32
天德宫对感情和婚姻的影响是什么？,3309ef32
天德星的德性如何影响个人的人际关系？,3309ef32
天相星在田宅宫的影响是什么？,0766c3cb
天相星在田宅宫有祖业，该如何表述？,0766c3cb
田宅宫加煞会导致什么样的居住环境？,0766c3cb
四化对于田宅宫的财富影响如何？,0766c3cb
天相星对风水的敏感程度如何？,0766c3cb
武曲星在财帛宫的财运表现如何？,99146963
如果有禄存化禄与武曲星组合，会对财富产生怎样的影响？,99146963
武曲星与空劫结合时，财运会面临什么样的挑战？,99146963
在财运方面，武曲星遇到煞星与吉星的影响有哪些不同？,99146963
武曲星与贪狼组合在财运上的表现是什么？,99146963
禄权同宫的命主适合做哪类生意？,3428230a
命宫有禄忌组合会带来哪些财务风险？,3428230a
权科在命宫对事业发展有何影响？,3428230a
科忌组合的命主应如何避免名利招忌？,3428230a
生年禄逢大限忌入的具体表现是什么？,3428230a
太阳星在父母宫的影响？,adb5b400
化禄对父母的财富与名声有何作用？,adb5b400
与父亲的关系如何受阳巨星影响？,adb5b400
父母宫的加煞刑忌对个人健康有什么影响？,adb5b400
寅卯辰巳午宫在个人事业上的作用是什么？,adb5b400
天相星在父母宫影响如何？,d887d021
父母宫遇羊陀夹或刑囚夹会有什么后果？,d887d021
天相星加六吉的父母性情特点有哪些？,d887d021
与廉贞同宫对父母关系有何影响？,d887d021
四化影响下，父母宫的表现如何？,d887d021
流年官符与生年官符贯索会齐有何影响？,1a2c428f
流年小耗会对财运产生怎样的影响？,1a2c428f
如何看待岁建在命宫的吉凶影响？,1a2c428f
弱化长官符的凶煞因素有哪些方法？,1a2c428f
天德星入命身主导了哪些运势变化？,1a2c428f
贪狼星在兄弟宫如何影响兄弟关系？,d2112864
化禄是否能改善兄弟之间的关系？,d2112864
兄弟宫中见到煞星会有什么具体影响？,d2112864
兄弟为何宜分居或聚少离多？,d2112864
兄弟宫的星曜组合对于兄弟的事业发展有哪些影响？,d2112864
太阳在夫妻宫对婚姻有何影响？,3a654cca
太阳与四化的关系对配偶的职业发展有何影响？,3a654cca
如何解读太阳与羊陀同宫对婚姻的影响？,3a654cca
夫妻宫加煞如何影响婚姻及伴侣的身体健康？,3a654cca
太阳化忌时，婚姻中的潜在问题有哪些？,3a654cca
天相星在奴仆宫的影响？,0ef678f1
如何看待朋友部下对事业的影响？,0ef678f1
青年的朋友合作是否值得信任？,0ef678f1
四化对天相星的影响是什么？,0ef678f1
如何理解天相星的庙旺与失陷状态？,0ef678f1
七杀星在财帛宫的特性是什么？,17599d7d
如何解读七杀星与四化的关系？,17599d7d
无煞财运较稳定的宫位有哪些？,17599d7d
遇到擎羊的财运会有什么影响？,17599d7d
财运受煞忌影响时的表现如何？,17599d7d
财帛宫与命宫的关系如何影响财运？,d51e63e2
财帛宫中吉星与煞星的组合会对财运产生怎样的影响？,d51e63e2
财帛宫中出现财禄星时，财运会有何种表现？,d51e63e2
遇到空劫星时，财帛宫的财运如何变化？,d51e63e2
财帛宫的旺盛与否如何影响个人财富的聚散情况？,d51e63e2
天梁星在命宫有什么影响？,0adfabf0
天梁与四化天权、天科、天忌有怎样的关系？,0adfabf0
天梁星的组合对事业和人际关系的影响如何？,0adfabf0
天梁与巨门或贪狼组合会产生哪些负面效应？,0adfabf0
天梁入女命对婚姻和感情有什么影响？,0adfabf0
天府星在迁移宫的影响是什么？,13162344
迁移后事业如何发展？,13162344
天府独守迁移宫会带来哪些机遇？,13162344
天府与煞星相合会有什么后果？,13162344
命宫紫微化权时离乡创业的适宜性如何？,13162344
天梁星在奴仆宫的影响是什么？,5c3b623e
奴仆宫见化权科的作用是什么？,5c3b623e
化禄在奴仆宫如何影响朋友部属的态度？,5c3b623e
加空劫大耗对奴仆宫的影响如何？,5c3b623e
失陷状态下奴仆宫的朋友部属状况如何？,5c3b623e
天同星在官禄宫的影响是什么？,c6ed5362
事业宫受煞星加会时会有什么变化？,c6ed5362
化禄在事业上的具体作用是什么？,c6ed5362
擎羊同天同时如何影响事业竞争？,c6ed5362
命宫太阴的职务变动特点是什么？,c6ed5362
太阴星在迁移宫的影响是什么？,07eb1a0c
太阴星见昌曲在外地升学有何利弊？,07eb1a0c
化禄对外出工作和旅游的影响是什么？,07eb1a0c
化忌时如何避免在外遭遇小人的困扰？,07eb1a0c
太阴星与小人相关的风险有哪些？,07eb1a0c
天相星在迁移宫的影响？,0b8ca9e8
紫微与天相同宫能得到哪些帮助？,0b8ca9e8
迁移宫逢化禄科权的吉象如何？,0b8ca9e8
丑未宫出外遇贵人的情况如何？,0b8ca9e8
已亥宫在外人际关系欠佳的原因是什么？,0b8ca9e8
疾厄宫的星曜组合对健康的影响是什么？,90dc9255
命宫与疾厄宫相互作用如何影响疾病状况？,90dc9255
疾厄宫中哪些主星及其组合会导致多病缠身？,90dc9255
四化在疾厄宫中会如何影响个人的疾病风险？,90dc9255
不孕症和疾厄宫的星曜关系是什么？,90dc9255
命宫天伤与天使组合的影响？,e6354b2f
太岁影响下的凶险情况如何？,e6354b2f
哪些宫位与祸害紧密关联？,e6354b2f
大限时大太岁重叠的风险有多大？,e6354b2f
三方吉拱能否化解命宫的凶劣？,e6354b2f
生年干四化与命宫干四化的影响是什么？,008a867d
命宫天干化禄入奴仆宫的意义为何？,008a867d
流禄入命宫主何种机遇？,008a867d
化忌互换的情况对感情的影响是什么？,008a867d
大限流忌飞入事业宫的后果是什么？,008a867d
贪狼星在官禄宫的影响是什么？,61498654
化禄出现在贪狼星时，对职业发展有什么建议？,61498654
贪狼星与火铃组合会带来哪些事业机遇？,61498654
贪狼星与化忌相遇时，可能遇到什么职场挑战？,61498654
在贪狼星加空劫的情况下，如何调整职业方向？,61498654
破军星在夫妻宫，有哪些影响？,7ca3e2ff
破军与禄存同在命中，配偶的性格如何？,7ca3e2ff
夫妻宫加煞，会怎样影响婚姻关系？,7ca3e2ff
化权星的影响下，配偶会有什么改变？,7ca3e2ff
子午宫与婚姻的关系如何？,7ca3e2ff
田宅宫对家庭兴衰与不动产的影响是什么？,bc6ea30c
田宅宫逢吉星与凶星时分别有何表现？,bc6ea30c
化忌在田宅宫的位置对家电有什么影响？,bc6ea30c
不动产的多少与命宫的关系是什么？,bc6ea30c
田宅宫若逢杀破巨贪，会有什么后果？,bc6ea30c
天同星在奴仆宫的影响？,11eb656d
化禄如何影响交友和事业？,11eb656d
同阴与同巨星曜组合的友谊状况？,11eb656d
朋友部下懒惰的影响因素有哪些？,11eb656d
加煞忌情况下的人际关系会如何变化？,11eb656d
破军在奴仆宫的影响是什么？,643a1960
朋友部下年龄相差大对人际关系有何影响？,643a1960
化禄对事业发展的助益有哪些？,643a1960
破军加煞时的风险和影响是什么？,643a1960
化权对自己与部属的关系有何利弊？,643a1960
武曲星在奴仆宫，交友状况如何？,41a61861
化禄对朋友和部属的影响是什么？,41a61861
武府宫的朋友部属是否可靠？,41a61861
武杀组合对交友的影响是什么？,41a61861
武贪与桃花的结合如何影响感情和财务？,41a61861
天梁星在财帛宫的影响是什么？,7770626c
天梁星与化禄结合的财运表现如何？,7770626c
太阳在子午宫的庙旺与财运的关系是什么？,7770626c
丑未宫的财运起伏表现如何？,7770626c
已亥宫的早年辛劳与晚年转机有何联系？,7770626c
武曲星入父母宫的影响是什么？,64b16ebe
化禄在父母宫中如何影响个人前途？,64b16ebe
父母宫遇四煞会产生哪些后果？,64b16ebe
辰戌独守父母宫说明了什么样的家庭情况？,64b16ebe
武曲与煞星相连时对父母的关系有何影响？,64b16ebe
福德宫主星为天梁和天同的命格如何影响寿命？,e0b2cc3c
福德宫与命身宫的关系对女性幸福有何影响？,e0b2cc3c
福德宫中的化禄和禄存意味着什么？,e0b2cc3c
福德宫逢七杀对女性命运的影响是什么？,e0b2cc3c
福德宫与财帛宫之间的相互影响如何影响物质享受？,e0b2cc3c
天府星在官禄宫的影响是什么？,6639bd97
无煞的天府星适合从事哪些职业？,6639bd97
如何理解天府星与天姚、文曲化忌的组合？,6639bd97
天府星在丑和禄在酉时的职业前景如何？,6639bd97
四化中，天府星与禄结合会带来哪些机遇？,6639bd97
天同星在田宅宫的影响？,87403ff6
四化中化禄对家庭财产的影响？,87403ff6
田宅宫无祖业的表现？,87403ff6
天同与火星组合可能导致什么问题？,87403ff6
如何理解田宅宫与煞星的关系？,87403ff6
父母宫天同星的特点是什么？,ea8d2d53
天同星在父母宫与化禄的关系如何？,ea8d2d53
父母宫的化权对个人的影响有哪些？,ea8d2d53
夫妻宫的擎羊对父母关系有什么影响？,ea8d2d53
父母宫遇到煞星时会有什么不利影响？,ea8d2d53
命宫出现禄权忌同宫的影响？,4e6b34d0
如何分析权科忌同宫对事业的影响？,4e6b34d0
禄科忌同宫的组合对运势有何影响？,4e6b34d0
金生水克火的情况下，忌星的力量有多大？,4e6b34d0
权星力量较大，是否意味着运势向好？,4e6b34d0
天机星在田宅宫的主旨是什么？,19fde61f
流年逢天机化忌有什么影响？,19fde61f
化禄星出现时，对不动产有什么影响？,19fde61f
子午宫与已亥宫的关系如何影响产业置备？,19fde61f
天机星加煞的话，家居会有什么样的影响？,19fde61f
武曲星守田宅宫，对住宅风水影响如何？,ed7844a4
武曲化禄，祖业丰厚是否易守成？,ed7844a4
住宅靠近商业区对家庭财权影响如何？,ed7844a4
武贪与武曲化忌组合如何影响置产及纠纷？,ed7844a4
武曲独守田宅，如何影响个人财富与继承？,ed7844a4
廉贞星在父母宫会导致何种父母关系？,81c5d9b8
廉贞星化忌对父母的影响如何？,81c5d9b8
父母宫见桃花表示什么样的家庭状况？,81c5d9b8
化禄会改善与父母的感情吗？,81c5d9b8
廉贞星与煞星组合对个人命运有何影响？,81c5d9b8
天月星入命宫对健康有何影响？,8fc7e0ce
天月星入身工作中会否犯病？,8fc7e0ce
怎样化解天月星与煞星同宫带来的健康问题？,8fc7e0ce
天月星在疾厄宫时主何种疾病？,8fc7e0ce
四化是否影响天月星在命宫的健康状况？,8fc7e0ce
太阴星入命宫，如何影响事业与感情发展？,7c6a9d21
太阴的化禄如何增强财富与异性缘？,7c6a9d21
太阴与煞星同宫时，主何负面影响？,7c6a9d21
太阴与太阳的相反性质对性格有何影响？,7c6a9d21
太阴居于亥宫，是否预示丰厚的财运？,7c6a9d21
太阳星在官禄宫，事业会受到怎样的影响？,b978563f
太阳与文昌同守官禄宫，如何影响高考和学业？,b978563f
逢化禄时，太阳星在事业上能否获得名声与成就？,b978563f
加会吉星对太阳在官禄宫的影响如何？,b978563f
太阳化忌在职业选择上应注意哪些问题？,b978563f
贪狼星在子女宫的影响是什么？,5e01e378
化禄对子女教育的影响有哪些？,5e01e378
如何看待子女在午宫无桃花星的情况？,5e01e378
子女多灾病的主要原因是什么？,5e01e378
辰戌宫的子女运势如何？,5e01e378
命宫禄存与天马同宫的影响？,297ad055
禄存星如何影响财运？,297ad055
天马星在命宫时有何特点？,297ad055
禄存与化禄加会会产生哪些财务状况？,297ad055
天马星与凶煞星同宫的后果是什么？,297ad055
贪狼星在疾厄宫可能造成哪些健康问题？,53021a2f
贪狼星化禄的影响是什么？,53021a2f
贪狼星加陀罗的健康隐患有哪些？,53021a2f
贪狼与空劫同宫会有什么特殊症状？,53021a2f
加四煞在子午宫的健康风险是什么？,53021a2f
紫微星在财帛宫有何影响？,f21cb5a7
财帛宫遇上化禄与化权时的财运如何？,f21cb5a7
紫府与武曲同宫时，财运会如何变化？,f21cb5a7
紫贪星在财运方面是否有长期稳定的影响？,f21cb5a7
财运起伏较大的情况下，如何应对紫微破军组合？,f21cb5a7
天同星在迁移宫的表现如何？,ea7e657e
天同化禄变化带来怎样的影响？,ea7e657e
在外出发展中，遇到煞星的情况会有什么后果？,ea7e657e
卯酉宫与天同星的组合如何影响人际关系？,ea7e657e
如何看待同巨命宫无正星的外出创业状况？,ea7e657e
台辅星与封诰星在命宫的组合对个人事业的影响有哪些？,98c1be2f
恩光星和天贵星同宫时，如何增强个人的名声和财富？,98c1be2f
命宫中台辅星的特点对感情生活有何积极作用？,98c1be2f
四化中，台辅星如何影响个人的贵人运？,98c1be2f
台辅星与封诰星同会时，如何避免凶星带来的不利影响？,98c1be2f
天相星入福德宫的影响？,af09ae1d
福德宫与命宫皆吉，寿命可达几岁？,af09ae1d
对宫廉破的影响及其正义感体现？,af09ae1d
武曲化吉对事业发展的影响？,af09ae1d
天府空露与天府充盈的差异？,af09ae1d
夫妻宫星曜组合对婚姻的影响是什么？,c9ab504a
命宫逢煞怎样影响配偶的性格和家庭生活？,c9ab504a
夫妻宫有桃花星，则婚姻会遭遇哪些问题？,c9ab504a
夫妻宫与官禄宫的关系如何影响事业和家庭？,c9ab504a
四化对配偶关系的影响有何重要性？,c9ab504a
财帛宫主星昌曲如何影响个人财富？,156052c7
紫微斗数中化科在财运上的作用是什么？,156052c7
火铃与贪狼组合如何影响财运？,156052c7
化忌对财运的具体影响是什么？,156052c7
孤寡和哭虚在财运中代表什么样的状态？,156052c7
廉贞在命宫，事业发展方向如何？,9bb8e0cb
廉贞与贪狼同宫，对感情的影响是什么？,9bb8e0cb
化禄星与廉贞组合，是否会导致富贵？,9bb8e0cb
廉贞与擎羊同宫，是否存在刑讼的隐患？,9bb8e0cb
廉贞进入已亥宫，命主的吉凶如何？,9bb8e0cb
廉贞星守迁移宫的特征是什么？,9ee08311
廉贞在迁移宫中利于外乡发展吗？,9ee08311
四化中化禄对事业有何影响？,9ee08311
出外发展时遇到的煞星会带来什么后果？,9ee08311
廉贞化忌会产生怎样的负面影响？,9ee08311
擎羊星与陀罗星在命宫的组合有什么影响？,48b3a234
当命宫有羊陀火铃时预示着怎样的凶险情况？,48b3a234
擎羊在命宫时，个性特点及命运发展如何？,48b3a234
四化中若有化忌在命宫，可能会导致什么样的后果？,48b3a234
羊陀夹忌在命宫时对人生有何重大影响？,48b3a234
太阴星在兄弟宫如何影响兄弟姐妹关系？,dcf46c8b
化禄在兄弟宫对感情和睦有何帮助？,dcf46c8b
化权的影响下，姐妹能为男性命主带来哪些杰出表现？,dcf46c8b
兄弟宫遇到化忌时，男性命主如何面对姐妹的拖累？,dcf46c8b
夜生人在酉戌亥宫庙旺时，家庭关系会如何改善？,dcf46c8b
太阴星在田宅宫的影响？,2fa1ed3d
太阴星与化禄组合对财富的影响？,2fa1ed3d
田宅宫遇到化忌对家宅的影响？,2fa1ed3d
月生沧海格的条件和特点？,2fa1ed3d
太阴星与文曲化忌同度的相关问题？,2fa1ed3d
紫微星在迁移宫的表现如何？,eece65e6
迁移宫见化权对事业发展的影响是什么？,eece65e6
紫微与六吉星加会时对外出发展的利弊有哪些？,eece65e6
遇到擎羊、陀罗、火铃等煞星时迁移宫可能面临哪些问题？,eece65e6
紫微星在不同组合下对人际关系的影响如何？,eece65e6
太阳星在财帛宫的影响？,80af7646
夫妻宫见财星如何理财？,80af7646
太阳化禄是否会导致散财？,80af7646
阳巨在财运上有什么表现？,80af7646
阳梁化权对财运的助益如何？,80af7646
七杀星在疾厄宫有何影响？,a43a533c
幼年多病痛的人在成年后的健康状况如何？,a43a533c
辰戌宫与健康的关系是什么？,a43a533c
四化对病症影响如何？,a43a533c
擎羊星同七杀星会导致哪些疾病？,a43a533c
巨门星在父母宫的影响是什么？,bfc008a9
化禄对父母关系的改善程度如何？,bfc008a9
化权对与父母感情的影响有哪些？,bfc008a9
化忌在父母宫带来的后果是什么？,bfc008a9
父母宫失陷对个人命运有何影响？,bfc008a9
巨门星在奴仆宫的影响？,8691e360
太阳与巨门同宫是否能得才干朋友？,8691e360
化禄对朋友部属关系的影响？,8691e360
化权与朋友部属的才能和谏言关系如何？,8691e360
化忌导致朋友部属关系不佳的原因是什么？,8691e360
紫微星在田宅宫有什么影响？,43cd1bed
化权在田宅宫对住宅有什么助益？,43cd1bed
子午宫如何影响祖业的继承和产业的自置？,43cd1bed
紫贪与紫破的组合对家宅有何具体影响？,43cd1bed
流年化忌进入田宅宫会带来什么样的后果？,43cd1bed
破军星位于福德宫的影响是什么？,4fcc8fd7
福德宫庙旺但化禄出现，对人生有何助益？,4fcc8fd7
破军星在命宫与福德宫的组合如何影响寿命？,4fcc8fd7
化权后先苦后甜，如何解读其对事业的影响？,4fcc8fd7
破军星与空劫和煞星的组合会导致怎样的心理状态？,4fcc8fd7
奴仆宫的昌曲星与化科关系如何影响朋友部属的助益？,0b5ccb66
化忌在奴仆宫的影响是什么，如何导致朋友的背叛和拖累？,0b5ccb66
庙旺的文曲星在奴仆宫能带来哪些良师益友的机会？,0b5ccb66
化禄在朋友关系中如何改善人与人之间的互动？,0b5ccb66
火铃星在奴仆宫的出现与人际关系的凶吉影响如何？,0b5ccb66
武曲星坐命宫对事业和财运的影响？,27f7e2c3
武曲与天府同宫如何改善性格特征？,27f7e2c3
武曲化禄对及其对财富和职业发展的作用？,27f7e2c3
武曲与七杀同宫时的性格特点和可能的职业选择？,27f7e2c3
武曲在女命中的影响及其对婚姻的预示？,27f7e2c3
华盖星在命宫的主要特点有哪些？,e672dfaf
命宫有华盖星，婚姻运势如何？,e672dfaf
华盖星与文艺、宗教的关系是什么？,e672dfaf
华盖星遇巨门，口才如何影响职业发展？,e672dfaf
四化中若有化科星对华盖星的影响是什么？,e672dfaf
武曲星在迁移宫的影响是什么？,c186d077
化禄在迁移宫的表现是什么？,c186d077
武曲化权对事业发展的影响有哪些？,c186d077
武曲星遇煞星时的凶象是什么？,c186d077
迁移宫逢昌陀铃时需要注意哪些危机？,c186d077
紫微星入六亲宫的影响是什么？,e598f337
化权对子女的管教方式如何？,e598f337
紫微破军组合与子女数量的关系是什么？,e598f337
紫府入子女宫时，子女个性有何表现？,e598f337
逢孤君时，子女性格如何？,e598f337
天府星在夫妻宫的婚姻状况如何？,a9cee90b
夫妻宫加六煞时是否影响感情和婚姻？,a9cee90b
卯酉宫的配偶理财能力对婚姻有什么影响？,a9cee90b
丑未宫配偶的性情特点如何影响夫妻关系？,a9cee90b
四化在命宫、夫妻宫均不吉时会导致什么样的感情问题？,a9cee90b
巨门星在兄弟宫如何影响兄弟关系？,638b2b0d
兄弟宫的吉煞影响如何？,638b2b0d
化禄于兄弟宫是否会改善兄弟感情？,638b2b0d
兄弟宫中兄弟多则不义的含义是什么？,638b2b0d
加煞后兄弟宫出现的可能冲突有哪些？,638b2b0d
七杀星在奴仆宫的影响是什么？,840af7f0
见禄存化禄时如何调和而得助发财？,840af7f0
火星与吉星同见时会有什么助力？,840af7f0
七杀星的朋友部下多为什么类型的人？,840af7f0
奴仆宫的配置是否容易导致背弃纠纷和损失？,840af7f0
子女宫的星曜组合对子女的容貌和才华有何影响？,1551502d
子女宫逢吉星与煞星时，儿女的命运有何不同？,1551502d
子女宫中四煞星的影响会导致哪些后果？,1551502d
子女宫与命宫的强弱关系如何影响子女的成就？,1551502d
子女宫与田宅宫的关系对于生育的影响有哪些？,1551502d
太阳星在福德宫的影响？,5de9f536
福德宫化禄对婚姻的影响如何？,5de9f536
太阳化忌会对情感造成什么样的困扰？,5de9f536
左、右三台八座与命宫的增强效果？,5de9f536
夜生人对福德宫的感受有什么不同？,5de9f536
天伤星与天使星在命宫的影响是什么？,23da898f
天伤、天使在迁移宫会导致什么样的凶灾？,23da898f
甲年、庚年、丙年、壬年生人分别忌哪些宫位？,23da898f
流禄与伤使同宫，对阳年生人有何影响？,23da898f
小限入迁移宫时，兄弟及父母宫若有机巨坐守，会有什么样的结果？,23da898f
武曲星在疾厄宫代表什么健康问题？,4313f8fb
人命中武曲化忌会有何影响？,4313f8fb
肺病与武曲、化忌组合的关系是什么？,4313f8fb
天刑、羊陀等煞星在命盘中对健康的影响如何？,4313f8fb
武曲与文曲同宫会如何影响身体健康？,4313f8fb
文昌星与文曲星在夫妻宫对婚姻的影响是什么？,a6abe209
化科在配偶的文化艺术上有哪些影响？,a6abe209
紫府同宫时配偶的富贵程度如何？,a6abe209
左右辅星与右弼星在婚姻中的作用是什么？,a6abe209
化忌在婚姻生活中产生的负面影响有哪些？,a6abe209
破碎星在命宫的影响是什么？,76052ac1
蜚廉星的特征及对命运的影响如何？,76052ac1
破碎星与财星同度会有什么后果？,76052ac1
四化中遇到破碎星会如何影响财力？,76052ac1
蜚廉星与小人星的组合如何影响人际关系？,76052ac1
命宫无正星的影响是什么？,62eda74d
遇到煞星时，命宫会如何受影响？,62eda74d
命宫无正星的人适合从事什么职业？,62eda74d
命宫有煞忌时，如何判断其吉凶？,62eda74d
四化（禄、权、科、忌）在命宫无正星的情况下如何表现？,62eda74d
巨门星在田宅宫的影响是什么？,e750c3e1
田宅宫有化禄、化权和化忌，意味着什么？,e750c3e1
如何解读巨门化忌对家居风水的影响？,e750c3e1
巨门星与家产纠纷之间的关系是什么？,e750c3e1
为何巨门入田宅会导致遭小偷的可能性增大？,e750c3e1
疾厄宫中的文昌星与化科组合的影响是什么？,00eaaec7
擎羊星在疾厄宫中象征的健康问题有哪些？,00eaaec7
化忌在疾病上的影响是什么？,00eaaec7
文曲星在健康方面的弱点是什么？,00eaaec7
四化对命主的健康影响如何？,00eaaec7
天梁星在田宅宫有什么影响？,97c749ed
田宅宫有化禄时，住祖居的情况如何？,97c749ed
天梁与火铃同度，会导致哪些家居问题？,97c749ed
田宅宫失陷时，祖产的情况如何？,97c749ed
田宅宫有见煞的情况下，能聚财置业吗？,97c749ed
七杀星在命宫有什么影响？,4245490d
七杀与紫微同宫的格局如何？,4245490d
七杀在官禄宫表现如何？,4245490d
七杀的四化组合对事业有何影响？,4245490d
七杀破军组合对婚姻和人际关系的影响如何？,4245490d
紫微破军在子午宫的组合影响如何？,b92dc2c0
紫微天府同宫格局的利弊是什么？,b92dc2c0
子午会化权的女性命盘特点有哪些？,b92dc2c0
紫贪与紫微在卯酉宫同守的性格特征是什么？,b92dc2c0
紫微化科与破军的结合对事业有何影响？,b92dc2c0
天机星在迁移宫的特征是什么？,ddfe8b03
四化中化禄对于事业变动有何影响？,ddfe8b03
在外出发展时，化忌对个人运势的具体影响是什么？,ddfe8b03
迁移宫有煞星影响时，外出发展需要注意哪些事项？,ddfe8b03
在子午宫加吉的情况下，事业成功的可能性有多大？,ddfe8b03
天梁星在福德宫的影响是什么？,45e4e617
化禄、化权对天梁星的福德宫有何影响？,45e4e617
福德宫的庙旺状态如何影响个人的健康与福寿？,45e4e617
在命宫及福德宫皆吉的情况下，寿命预期为多少？,45e4e617
如何看待天梁星与清贵之星在福德宫的组合？,45e4e617
武曲星在官禄宫的事业影响？,299ec9b9
武曲化权对职业发展的影响如何？,299ec9b9
遇到煞星时，武曲星的职业运势如何？,299ec9b9
四化中的化禄如何促成事业成就？,299ec9b9
武曲与贪狼同宫的职业适合性是什么？,299ec9b9
七杀星在子女宫的影响是什么？,b58b1e38
子女宫加煞忌会对子女造成怎样的影响？,b58b1e38
紫微与七杀同宫能否改善子女的个性？,b58b1e38
化禄在子女宫如何影响子女的富裕程度？,b58b1e38
戊宫与辰宫对待子女的影响有何不同？,b58b1e38
太阳星在子女宫的影响是什么？,49811773
化禄与子女的成就有何关系？,49811773
化忌如何影响子女的健康与发展？,49811773
子女宫的阳阴同宫格局有何特点？,49811773
午宫与子女数量及性别的关系如何？,49811773
天梁星在兄弟宫的影响？,91932747
兄弟宫与化禄、化权的关系？,91932747
兄弟宫的数量及和睦情况如何？,91932747
天梁星与四煞、刑克的相互影响？,91932747
子午宫与丑未宫的感情深厚程度比较？,91932747
廉贞星在财帛宫如何影响财运？,8dc5a522
廉贞加化禄的组合在事业上有何表现？,8dc5a522
遇到空劫与煞星时，财帛宫的廉贞星会带来哪些风险？,8dc5a522
从四化角度看，廉贞化忌对财运的影响是什么？,8dc5a522
在感情方面，廉贞与羊陀组合可能带来什么样的财务纠纷？,8dc5a522
廉贞星入田宅宫的影响是什么？,b7d20c38
廉贞化忌在田宅宫会造成何种家庭纠纷？,b7d20c38
田宅宫有化禄时，如何聚财兴家？,b7d20c38
在什么情况下廉贞与煞星同宫会导致破祖败业？,b7d20c38
如何看待廉贞星对祖业的影响及其延续性？,b7d20c38
天府星在父母宫的影响如何？,fdf0f177
父母宫加煞时对父子关系的影响是什么？,fdf0f177
父母宫庙旺与加吉对后代的助力如何？,fdf0f177
父母宫遇空劫时与父母的缘分如何？,fdf0f177
父母宫的煞刑忌聚会导致怎样的家庭关系问题？,fdf0f177
廉贞星在子女宫的影响是什么？,84e85652
子女宫逢化禄时的子女表现如何？,84e85652
廉贞星与贪杀破等星同宫会带来怎样的子女状况？,84e85652
化忌的影响下，子女可能出现哪些问题？,84e85652
廉贞化禄与破军化禄的子女特征有什么不同？,84e85652
文昌与文曲同宫对职业有什么影响？,047f7628
化科对文昌庙旺的命局有怎样的作用？,047f7628
文曲主的事业发展与四化之间有什么关系？,047f7628
左辅与右弼的组合在事业上有何优势？,047f7628
火星与铃星的影响对职业稳定性有什么影响？,047f7628
天府在命宫的财运如何？,f1277c5c
天府与紫微同宫的格局表现如何？,f1277c5c
四化禄存对天府星的影响是什么？,f1277c5c
天府与天相的关系如何影响事业发展？,f1277c5c
天府的性格特征对人际关系有何影响？,f1277c5c
三台八座在命宫的影响？,2241229b
三台八座同守命宫意味着什么？,2241229b
丑与八座相合后对职务的影响？,2241229b
紫微与三台同宫的吉利表现？,2241229b
三台八座结合在夫妻宫的结果？,2241229b
七杀星在田宅宫的影响是什么？,6f623054
田宅宫有无煞星会影响不动产吗？,6f623054
如何看待七杀星与化忌同宫的配置？,6f623054
七杀星在田宅宫的风水条件如何？,6f623054
带有禄星时，田宅宫的产业状况如何？,6f623054
父母宫天梁星在父母宫的影响是什么？,cd6fc51b
化禄在父母宫具体代表什么？,cd6fc51b
化权对父母健康和地位有何影响？,cd6fc51b
父母宫与子女感情的关系如何？,cd6fc51b
父母宫加四煞会对家庭关系产生什么影响？,cd6fc51b
破军星入子女宫子女性格如何？,a2bd45c5
子女宫遇四化（化禄、化权）对子女有什么影响？,a2bd45c5
子女宫落子午宫会有什么吉凶变化？,a2bd45c5
文昌星、文曲星在子女宫的不同影响是什么？,a2bd45c5
子女宫与煞星相会会如何影响子女的命运？,a2bd45c5
解神星在命宫的作用是什么？,15096cf2
解神与天梁组合对职业发展有什么影响？,15096cf2
解神星能否化解甲级凶星的影响？,15096cf2
化解凶灾的有效组合有哪些？,15096cf2
解神星的性格特点及其在社交中的表现如何？,15096cf2
命宫有文昌和文曲星？,012e1d0b
文昌化忌带来的生命危险如何影响命主？,012e1d0b
文曲独守命宫的影响和特点是什么？,012e1d0b
文昌和文曲同宫会对个人发展产生怎样的影响？,012e1d0b
文昌与禄存同守时的命格特点是怎样的？,012e1d0b
七杀星在兄弟宫的影响是什么？,b049311a
兄弟宫遇到科权禄及左右吉星的情况如何？,b049311a
兄弟关系不和的原因有哪些？,b049311a
辰戌宫的星曜组合对姐妹关系有什么影响？,b049311a
兄弟多病伤的表现形式是什么？,b049311a
紫微星在官禄宫的影响是什么？,c8e13efe
化权对事业发展的助益有哪些？,c8e13efe
紫微化科在命宫的特点和适合的职业是什么？,c8e13efe
紫微星与武曲、贪狼的组合对事业的影响如何？,c8e13efe
命宫无吉，紫微星如何影响个人发展？,c8e13efe
巨门星在子女宫的特征是什么？,c23e9504
子女宫中巨门与化权的组合如何影响子女的性格？,c23e9504
子女宫中巨门与化忌的影响有哪些？,c23e9504
当巨门星与煞星相遇时，子女的命运会如何变化？,c23e9504
子女宫的得子情况如何受到四化(化禄、化权、化科、化忌)的影响？,c23e9504
福德宫昌曲星的组合对个人事业有何影响？,8d3bfb24
化科对人际关系和文学声誉的影响如何？,8d3bfb24
文昌与化忌的组合会导致什么样的性格特征？,8d3bfb24
羊陀星在命宫出现在何种情况下会影响生活安定？,8d3bfb24
化禄与化权的组合对物质享受和交际的影响如何？,8d3bfb24
巨门星入福德宫的影响？,bc462dc5
福德宫化禄的意义是什么？,bc462dc5
巨门在命宫表现如何？,bc462dc5
加煞对巨门的影响是什么？,bc462dc5
巨门与已亥宫的相互关系如何？,bc462dc5
紫微星在命宫时如何影响个人的事业发展？,5e1ed843
紫微星需哪些对星才能形成‘百官朝拱’格局？,5e1ed843
紫微星与化权组合有哪些影响？,5e1ed843
无百官朝拱时紫微星的性格特点有哪些？,5e1ed843
紫微星及其左右星曜组合对个人容貌和气质的影响是什么？,5e1ed843
破军星在命宫的影响？,8f9ed3ad
破军与禄存、化禄同宫的组合如何？,8f9ed3ad
破军与左右魁钺相会的命格特点？,8f9ed3ad
破军星在事业宫的适行行业？,8f9ed3ad
破军加会火铃及羊陀的影响如何？,8f9ed3ad
擎羊与陀罗的组合对事业有何影响？,48258489
在命宫中擎羊与各星配合的吉凶是什么？,48258489
陀罗在何宫与擎羊相会会导致何种灾难？,48258489
四化中擎羊化忌对人际关系有什么影响？,48258489
入命的陀罗在女命中会产生哪些具体问题？,48258489
天梁星在疾厄宫的影响是什么？,4290bcae
化禄对疾病的缓解作用如何？,4290bcae
天梁与火铃同度会导致哪些健康问题？,4290bcae
加擎羊会加重哪些潜在疾病？,4290bcae
未宫与丑宫的健康状况有何关联？,4290bcae
太阴星在官禄宫有何影响？,f0146ae6
逢化禄时最适合从事哪些行业？,f0146ae6
太阴入庙主何种事业发展？,f0146ae6
化权与化科对事业的影响如何？,f0146ae6
太阴与桃花星结合可否成名？,f0146ae6
大耗星在命宫的影响是什么？,4b537b05
大耗星与财帛宫相遇时会有什么结果？,4b537b05
命宫见大耗星时的个性特征有哪些？,4b537b05
命限遇到大耗时会有怎样的运势变化？,4b537b05
四化中大耗的特点如何影响功名利禄？,4b537b05
天同星在疾厄宫的主要健康问题有哪些？,4c815a5b
天同星化忌时可能引发哪些疾病？,4c815a5b
天同星与巨门的组合对身体健康有什么影响？,4c815a5b
天同福星在卯酉丑未宫加煞时容易患有哪些疾病？,4c815a5b
天同星遇四煞天刑时对男性和女性分别会有什么健康影响？,4c815a5b
廉贞星在夫妻宫的影响是什么？,ed3c1ef1
四化如何影响夫妻感情与婚姻状态？,ed3c1ef1
夫妻宫与廉贞、廉杀相同宫的组合预示了什么婚姻状况？,ed3c1ef1
廉贞星与桃花星同宫对婚姻的影响是怎样的？,ed3c1ef1
加煞星如何影响配偶的性格与婚姻关系？,ed3c1ef1
天同星在子女宫的影响？,d5bdb308
化禄对子女的影响是什么？,d5bdb308
子女宫内见到六煞有什么预示？,d5bdb308
子女数量与性别的组合如何影响家庭关系？,d5bdb308
化忌与天同星的组合会带来什么样的子女表现？,d5bdb308
巨门星在迁移宫的影响是什么？,3d47ed8e
化禄合太阳的情况会带来什么好运？,3d47ed8e
出外求发展时，化忌和加煞的风险有哪些？,3d47ed8e
在外出行时，太阳失陷会导致怎样的口舌是非？,3d47ed8e
为何不宜从政而应选择经商和技艺？,3d47ed8e
紫微星落兄弟宫有什么影响？,67e4d076
紫微入兄弟宫是否会导致孤独？,67e4d076
化权在兄弟宫如何影响兄弟关系？,67e4d076
化科星在兄弟宫的吉凶影响是什么？,67e4d076
兄弟宫见煞星会造成什么样的冲突？,67e4d076
贪狼星在迁移宫的影响是什么？,c1d50bf6
化禄在迁移宫如何影响人际关系？,c1d50bf6
迁移宫加会煞忌时会有哪些具体风险？,c1d50bf6
迁移宫中的贪狼星与酒色应酬有什么关联？,c1d50bf6
贪狼星在迁移宫时如何影响事业发展？,c1d50bf6
天府星在财帛宫的财运如何？,8b2b870a
天府星遇禄存化禄会有什么影响？,8b2b870a
丑未宫日月夹财的格局如何形成？,8b2b870a
卯酉宫与武曲星的组合对财运有怎样的影响？,8b2b870a
已亥宫如何体现理财能力及财权掌控？,8b2b870a
天同星入命宫的性格特征是什么？,6b4f11ef
天同星与太阴星的组合对感情有何影响？,6b4f11ef
天同化禄与化权的结合对事业的影响如何？,6b4f11ef
天同在卯宫的表现及其对个性的影响是什么？,6b4f11ef
女命天同星的感情及婚姻状况如何？,6b4f11ef
劫杀星在命宫意味着什么？,40cf8b24
劫杀星入命对个人职业发展有何影响？,40cf8b24
劫杀星与擎羊同度的格局分析？,40cf8b24
劫杀星如何影响一个人的健康和意外风险？,40cf8b24
命宫有劫杀星会常遭遇哪些困扰和挑战？,40cf8b24
命宫的四化组合具体是哪些？,dbbcaaec
命宫四化星对个人运势有何影响？,dbbcaaec
行限与命宫的四化关系如何？,dbbcaaec
命宫的四化组合中，有哪些吉星和凶星？,dbbcaaec
四化星与命宫关系解析,dbbcaaec
巨门星在财帛宫的影响是什么？,e5f51ce6
化禄在巨门的财务状况中起到什么作用？,e5f51ce6
巨门星与竞争性行业的关系如何？,e5f51ce6
子午宫和辰戌宫的财富运势对比如何？,e5f51ce6
巨门星在子女宫影响子女的财富状况吗？,e5f51ce6
贪狼星在田宅宫的影响是什么？,dff60f4d
田宅宫逢化禄的住宅情况如何？,dff60f4d
昌曲同宫加桃花的居所会有哪些问题？,dff60f4d
住宅出现漏水或修理问题的原因是什么？,dff60f4d
田宅宫失陷缺乏祖业的表现有哪些？,dff60f4d
孤辰寡宿在命宫如何影响婚姻？,084e6a3d
命宫与寡宿组合对性格的影响是什么？,084e6a3d
孤辰寡宿入命是否主晚婚？,084e6a3d
四化中孤辰与寡宿组合的运势表现如何？,084e6a3d
孤辰与寡宿如何影响人际关系及家庭生活？,084e6a3d
