faithfulness,relevance,rationale
4,5,回答紧扣用户关于未来感情发展的提问，分析了命盘中夫妻宫的星曜影响，指出可能的波折与改善机会，建议也符合命盘信息。虽然有些推测，但整体忠于命盘。
4,5,回答紧扣用户关于事业改善的机会，分析了命盘中的星曜组合，提供了具体建议，整体忠于命盘信息，但对某些星曜的解读略显臆造。
5,5,助手的回答忠实于命盘信息，分析了用户的事业不稳定性、当前工作表现及创业能力，紧扣用户换工作的决策，提供了合理的建议。
5,5,助手的回答忠实于命盘信息，分析了财帛宫的主星和小星对财运的影响，并给出了合理的建议，紧扣用户的投资问题，未出现臆造内容。
5,5,助手的回答忠实于命盘信息，准确分析了疾厄宫的星曜组合对健康的影响，并提供了相关建议，紧扣用户的健康问题，未跑题或遗漏要点。
5,5,助手的回答忠实于命盘，分析了夫妻宫的星曜组合及其影响，紧扣用户关于家庭问题的询问，提供了具体的建议，符合用户需求。
5,5,助手的回答忠实于命盘信息，分析了夫妻宫的主星和辅星，结合小星的影响，提出了改善关系的建议，紧扣用户问题，未跑题或遗漏要点。
2,4,回答中提到的生育困难和最佳生育时机与命盘信息部分吻合，但对星曜的解读存在臆造，未能完全忠于命盘。
5,5,助手的回答紧扣用户关于改善人际关系的问题，分析了命盘中相关星曜的影响，并提出了具体的建议，符合命盘信息，且没有臆造内容。
5,5,助手的回答紧扣用户关于生活目标迷失的问题，结合命盘中天机星的特性，提供了合理的分析和建议，忠实于命盘信息，且没有臆造内容。
5,5,助手的回答忠实于命盘信息，特别是对夫妻宫的分析，且紧扣用户关于婚姻运势的提问，提供了具体的建议和未来变化的可能性，内容全面且相关性强。
5,5,助手的回答忠实于命盘信息，分析了破军、太阳和命宫星曜对健康的影响，且紧扣用户关于疲惫感持续性的提问，提供了合理的建议。
5,5,助手的回答紧扣用户关于生活方式的需求，结合命盘中的星曜分析，提出了情绪管理、设定小目标和健康生活等具体建议，忠实于命盘信息，且内容相关性强。
5,5,助手的回答忠实于命盘，分析了田宅宫的星曜表现，并结合命宫的影响，给出了关于房屋运势的合理解读。同时，回答紧扣用户关于房屋运势的提问，提供了具体的建议，内容相关且全面。
5,5,助手的回答忠实于命盘信息，分析了兄弟宫的主星太阴陷地状态对关系的影响，并提出了具体的沟通建议，紧扣用户问题，未跑题或遗漏要点。
4,5,助手的回答紧扣用户的疑虑，分析了命盘中贪狼星的影响，并提供了合理的建议，整体忠于命盘信息。虽然对贪狼星的解读较为准确，但未能完全避免臆造情感影响的部分。
5,5,助手的回答忠实于命盘信息，结合了七杀、天同和太阳星的特点，分析了进修的积极影响及注意事项，紧扣用户问题，提供了具体建议。
5,5,助手的回答忠实于命盘信息，分析了财帛宫和命宫的星曜影响，指出了创业的挑战和建议，紧扣用户问题，提供了实用的建议。
5,5,助手的回答忠实于命盘信息，分析了父母宫和兄弟宫的星曜影响，提出了具体的改善建议，紧扣用户问题，未跑题或遗漏要点。
4,5,回答基本忠于命盘，分析了夫妻宫的星曜组合及其对新恋情的影响，但对破军星的解读略显臆造。回答紧扣用户问题，提供了相关建议，符合用户需求。
5,5,助手的回答紧扣用户关于如何面对生活挑战的问题，且基于命盘资料中的星曜特性，提供了合理的建议，忠实于命盘信息。
4,5,回答紧扣用户的财务焦虑问题，分析了命盘中财帛宫和福德宫的情况，提供了合理的建议。但对财帛宫的解读略显不足，未能充分利用小星的意义。
5,5,助手的回答忠实于命盘信息，分析了官禄宫和仆役宫的星曜状态对人际关系的影响，并提供了切实可行的建议，紧扣用户问题，未跑题或遗漏要点。
5,5,助手的回答忠实于命盘，分析了官禄宫、仆役宫和财帛宫的星曜特性，给出了适合副业的建议，紧扣用户问题，未跑题或遗漏要点。
5,5,助手的回答忠实于命盘，准确分析了夫妻宫的星曜配置，并结合用户的桃花运进行合理推测，且建议切合实际，紧扣用户问题。
5,5,助手的回答忠实于命盘信息，特别是迁移宫的分析，且紧扣用户对旅游计划的担忧，提供了具体建议，符合用户需求。
5,5,助手的回答忠实于命盘信息，结合了福德宫和疾厄宫的主星分析，提出了切实可行的建议，紧扣用户情绪低落的问题，未跑题或遗漏要点。
4,5,回答基本忠于命盘，提到天梁星的特性和影响，但未明确指出可能的煞星或刑克情况，略显不足。回答紧扣用户问题，提供了改善关系的建议，符合用户需求。
5,5,助手的回答忠实于命盘信息，结合了官禄宫和财帛宫的星曜分析，提供了切实可行的建议，紧扣用户提升事业能力的需求，未出现臆造内容。
5,5,助手的回答忠实于命盘信息，分析了福德宫和官禄宫的星曜状态，合理推测了学业成功的可能性，且紧扣用户问题，提供了具体建议，符合用户需求。
5,5,助手的回答忠实于命盘信息，分析了夫妻宫的星曜组合，指出了可能的挑战和建议，紧扣用户关于恋情未来变化的提问。
4,5,回答紧扣用户问题，提供了具体的建议和分析，尤其是对夫妻宫和福德宫的解读，虽然有些内容略显臆造，但整体上忠于命盘信息。
5,5,助手的回答忠实于命盘信息，分析了天机星和文曲星的影响，紧扣用户的困惑和改变化的机会，提供了切实可行的建议，符合用户需求。
5,5,助手的回答忠实于命盘信息，分析了迁移宫的主星太阴和辅星禄存对人际关系的影响，且紧扣用户关于未来人际圈变化的提问，提供了具体的建议。
