question,chart,queries,answer
我最近感情方面有點不順，想知道未來的發展會怎麼樣？,"性别：女
生日：2007-03-26
八字：丁亥 癸卯 己未 丁卯 卯时
命盘：
├福德宫[壬寅]
│├ 主星: 天机[得][生年科]+太阴[旺][生年禄]
│├ 辅星: 地劫
│├ 小星: 天姚+八座+天官+截路+孤辰
│├ 大限:23~32虚岁
│└ 小限:12,24,36,48,60,72,84,96,108,120虚岁
├田宅宫[癸卯]
│├ 主星: 紫微[旺]+贪狼[利]
│├ 辅星: 
│├ 小星: 龙池+空亡
│├ 大限:33~42虚岁
│└ 小限:11,23,35,47,59,71,83,95,107,119虚岁
├官禄宫[甲辰]
│├ 主星: 巨门[陷][生年忌]
│├ 辅星: 
│├ 小星: 红鸾+月德
│├ 大限:43~52虚岁
│└ 小限:10,22,34,46,58,70,82,94,106,118虚岁
├仆役宫[乙巳]
│├ 主星: 天相[得]
│├ 辅星: 左辅+天马+陀罗[陷]
│├ 小星: 天寿+封诰+天厨+天月+天虚+天伤
│├ 大限:53~62虚岁
│└ 小限:9,21,33,45,57,69,81,93,105,117虚岁
├迁移宫[丙午]
│├ 主星: 天梁[庙]
│├ 辅星: 禄存
│├ 小星: 
│├ 大限:63~72虚岁
│└ 小限:8,20,32,44,56,68,80,92,104,116虚岁
├疾厄宫[丁未]
│├ 主星: 廉贞[利]+七杀[庙]
│├ 辅星: 文昌[利]+文曲[旺]+擎羊[庙]
│├ 小星: 华盖+旬空+天哭+天使
│├ 大限:73~82虚岁
│└ 小限:7,19,31,43,55,67,79,91,103,115虚岁
├财帛宫[戊申]
│├ 主星: 
│├ 辅星: 地空
│├ 小星: 解神+天巫+天德
│├ 大限:83~92虚岁
│└ 小限:6,18,30,42,54,66,78,90,102,114虚岁
├子女宫[己酉]
│├ 主星: 
│├ 辅星: 右弼+天钺
│├ 小星: 台辅+破碎
│├ 大限:93~102虚岁
│└ 小限:5,17,29,41,53,65,77,89,101,113虚岁
├夫妻宫[庚戌]
│├ 主星: 天同[平][生年权]
│├ 辅星: 
│├ 小星: 天喜+寡宿+天刑
│├ 大限:103~112虚岁
│└ 小限:4,16,28,40,52,64,76,88,100,112虚岁
├兄弟宫[辛亥]
│├ 主星: 武曲[平]+破军[平]
│├ 辅星: 天魁
│├ 小星: 凤阁+天才+天福+年解
│├ 大限:113~122虚岁
│└ 小限:3,15,27,39,51,63,75,87,99,111虚岁
├命宫[壬子]
│├ 主星: 太阳[陷]
│├ 辅星: 火星[陷]
│├ 小星: 咸池+三台+天空+阴煞
│├ 大限:3~12虚岁
│└ 小限:2,14,26,38,50,62,74,86,98,110虚岁
├父母宫[癸丑]
│├ 主星: 天府[庙]
│├ 辅星: 铃星[得]
│├ 小星: 恩光+天贵+蜚廉
│├ 大限:13~22虚岁
│└ 小限:1,13,25,37,49,61,73,85,97,109虚岁","['夫妻宫 天同 天喜 感情婚姻', '命宫 太阳 火星 遇 煞星 影响', '夫妻宫 天同 化权入 迁移宫 对感情的影响']","最终结论: 未来感情方面可能会面临一些波折和挑战，但也有机会通过努力改善现状。

关键理由:
- 夫妻宫的主星天同，虽然有一定的和谐性，但辅星寡宿的存在暗示着感情中可能会有孤独和不和谐的因素，可能导致情感上的波动。
- 天喜星的出现虽然能带来短暂的快乐，但由于寡宿的影响，可能使得这种快乐不持久，容易受到外部环境的影响而产生争执。
- 七杀星的影响表明，感情中可能存在性格不合、沟通不畅等问题，尤其在中年后可能会面临更大的挑战，如分居或离异的风险。

建议:
- 建议在感情中多进行沟通，尝试理解对方的感受，避免因误解而产生不必要的争执。
- 可以考虑在感情中增加一些共同活动，增强彼此的默契与理解，减少因生活琐事而引发的矛盾。
- 若感情问题持续存在，建议寻求专业的情感咨询，帮助双方更好地解决问题，提升感情质量。"
我的工作壓力很大，請問我在事業上有什麼改善的機會嗎？,"性别：女
生日：2008-07-20
八字：戊子 己未 辛酉 辛卯 卯时
命盘：
├夫妻宫[甲寅]
│├ 主星: 天同[利]+天梁[庙]
│├ 辅星: 天马+地劫
│├ 小星: 三台+孤辰+天刑
│├ 大限:25~34虚岁
│└ 小限:9,21,33,45,57,69,81,93,105,117虚岁
├兄弟宫[乙卯]
│├ 主星: 武曲[利]+七杀[旺]
│├ 辅星: 
│├ 小星: 红鸾+天官+天福+天月
│├ 大限:15~24虚岁
│└ 小限:8,20,32,44,56,68,80,92,104,116虚岁
├命宫[丙辰]
│├ 主星: 太阳[旺]
│├ 辅星: 陀罗[庙]
│├ 小星: 龙池+天才+华盖+阴煞
│├ 大限:5~14虚岁
│└ 小限:7,19,31,43,55,67,79,91,103,115虚岁
├父母宫[丁巳]
│├ 主星: 
│├ 辅星: 右弼+禄存+火星[得]
│├ 小星: 封诰+月德+破碎
│├ 大限:115~124虚岁
│└ 小限:6,18,30,42,54,66,78,90,102,114虚岁
├福德宫[戊午]
│├ 主星: 天机[庙][生年忌]
│├ 辅星: 擎羊[陷]
│├ 小星: 天姚+天厨+旬空+天哭+天虚
│├ 大限:105~114虚岁
│└ 小限:5,17,29,41,53,65,77,89,101,113虚岁
├田宅宫[己未]
│├ 主星: 紫微[庙]+破军[旺]
│├ 辅星: 文昌[利]+文曲[旺]+天钺
│├ 小星: 
│├ 大限:95~104虚岁
│└ 小限:4,16,28,40,52,64,76,88,100,112虚岁
├官禄宫[庚申]
│├ 主星: 
│├ 辅星: 地空
│├ 小星: 天巫+蜚廉
│├ 大限:85~94虚岁
│└ 小限:3,15,27,39,51,63,75,87,99,111虚岁
├仆役宫[辛酉]
│├ 主星: 天府[旺]
│├ 辅星: 左辅
│├ 小星: 天喜+咸池+台辅+天德+天伤
│├ 大限:75~84虚岁
│└ 小限:2,14,26,38,50,62,74,86,98,110虚岁
├迁移宫[壬戌]
│├ 主星: 太阴[旺][生年权]
│├ 辅星: 
│├ 小星: 凤阁+天寿+寡宿+年解
│├ 大限:65~74虚岁
│└ 小限:1,13,25,37,49,61,73,85,97,109虚岁
├疾厄宫[癸亥]
│├ 主星: 廉贞[陷]+贪狼[陷][生年禄]
│├ 辅星: 
│├ 小星: 恩光+天贵+天使
│├ 大限:55~64虚岁
│└ 小限:12,24,36,48,60,72,84,96,108,120虚岁
├财帛宫[甲子]
│├ 主星: 巨门[旺]
│├ 辅星: 
│├ 小星: 解神+八座+截路
│├ 大限:45~54虚岁
│└ 小限:11,23,35,47,59,71,83,95,107,119虚岁
├子女宫[乙丑]
│├ 主星: 天相[庙]
│├ 辅星: 天魁+铃星[得]
│├ 小星: 天空+空亡
│├ 大限:35~44虚岁
│└ 小限:10,22,34,46,58,70,82,94,106,118虚岁","['官禄宫 天府左辅 事业改善', '命宫 太阳陀罗 事业影响', '兄弟宫 武曲七杀 事业机会']","最终结论: 在事业上，您有机会通过调整工作方向和方法来改善目前的压力状况。

关键理由:
- **事业宫的星曜组合**: 您的官禄宫主星为天同，辅星有陀罗，表明您在事业上适合从事较自由、压力较小的工作，如文教、艺术、娱乐等领域。虽然目前可能面临压力，但在适合的领域中，您能够获得更高的成就。
- **武曲与七杀的影响**: 兄弟宫中的武曲星为财星，意味着您在事业和财务上有一定的潜力，但与七杀星的组合可能带来竞争和波折。这提示您在工作中可能需要面对一些挑战，尤其是在与他人合作或竞争时。
- **吉星庙旺的支持**: 事业宫有吉星庙旺坐守，意味着您在事业上有贵气，成就高，事业顺遂的潜力。这为您提供了良好的基础，只需调整策略即可。

建议:
- **考虑职业转型**: 如果当前的工作压力过大，可以考虑转向更适合您性格和能力的职业领域，如文秘、教育或艺术等，这些领域可能会让您感到更轻松和愉悦。
- **提升技能与知识**: 通过学习和提升自己的专业技能，增强自身的竞争力，能够帮助您在当前工作中更好地应对压力。
- **寻求支持与合作**: 在工作中，尽量与同事建立良好的合作关系，寻求支持和帮助，减少个人的压力感。
- **合理安排工作与休息**: 注意劳逸结合，适当放松自己，保持良好的心理状态，以应对工作中的压力。

通过以上调整，您可以有效改善目前的工作压力，并在事业上获得更好的发展机会。"
我一直在考慮是否要換工作，你覺得這個決定好不好？,"性别：女
生日：1981-01-02
八字：庚申 戊子 庚辰 己卯 卯时
命盘：
├仆役宫[戊寅]
│├ 主星: 紫微[旺]+天府[庙]
│├ 辅星: 左辅+天马+地劫
│├ 小星: 凤阁+天巫+天厨+天虚+天伤+年解
│├ 大限:72~81虚岁
│└ 小限:9,21,33,45,57,69,81,93,105,117虚岁
├迁移宫[己卯]
│├ 主星: 太阴[陷][生年科]
│├ 辅星: 
│├ 小星: 
│├ 大限:62~71虚岁
│└ 小限:8,20,32,44,56,68,80,92,104,116虚岁
├疾厄宫[庚辰]
│├ 主星: 贪狼[庙]
│├ 辅星: 
│├ 小星: 三台+华盖+蜚廉+天使
│├ 大限:52~61虚岁
│└ 小限:7,19,31,43,55,67,79,91,103,115虚岁
├财帛宫[辛巳]
│├ 主星: 巨门[旺]
│├ 辅星: 火星[得]
│├ 小星: 天才+封诰+天德
│├ 大限:42~51虚岁
│└ 小限:6,18,30,42,54,66,78,90,102,114虚岁
├子女宫[壬午]
│├ 主星: 廉贞[平]+天相[庙]
│├ 辅星: 
│├ 小星: 解神+天福+截路+阴煞
│├ 大限:32~41虚岁
│└ 小限:5,17,29,41,53,65,77,89,101,113虚岁
├夫妻宫[癸未]
│├ 主星: 天梁[旺]
│├ 辅星: 文昌[利]+文曲[旺]+天钺+陀罗[庙]
│├ 小星: 红鸾+空亡+寡宿+天刑
│├ 大限:22~31虚岁
│└ 小限:4,16,28,40,52,64,76,88,100,112虚岁
├兄弟宫[甲申]
│├ 主星: 七杀[庙]
│├ 辅星: 禄存+地空
│├ 小星: 恩光+天贵
│├ 大限:12~21虚岁
│└ 小限:3,15,27,39,51,63,75,87,99,111虚岁
├命宫[乙酉]
│├ 主星: 天同[平][生年忌]
│├ 辅星: 擎羊[陷]
│├ 小星: 咸池+台辅+天空+破碎
│├ 大限:2~11虚岁
│└ 小限:2,14,26,38,50,62,74,86,98,110虚岁
├父母宫[丙戌]
│├ 主星: 武曲[庙][生年权]
│├ 辅星: 
│├ 小星: 八座+天月+天哭
│├ 大限:112~121虚岁
│└ 小限:1,13,25,37,49,61,73,85,97,109虚岁
├福德宫[丁亥]
│├ 主星: 太阳[陷][生年禄]
│├ 辅星: 
│├ 小星: 天姚+天寿+天官+孤辰
│├ 大限:102~111虚岁
│└ 小限:12,24,36,48,60,72,84,96,108,120虚岁
├田宅宫[戊子]
│├ 主星: 破军[庙]
│├ 辅星: 右弼
│├ 小星: 龙池+旬空
│├ 大限:92~101虚岁
│└ 小限:11,23,35,47,59,71,83,95,107,119虚岁
├官禄宫[己丑]
│├ 主星: 天机[陷]
│├ 辅星: 天魁+铃星[得]
│├ 小星: 天喜+月德
│├ 大限:82~91虚岁
│└ 小限:10,22,34,46,58,70,82,94,106,118虚岁","['官禄宫 天机铃星 换工作 影响', '财帛宫 巨门火星 换工作 影响', '命宫 擎羊同宫 换工作 影响']","最终结论: 换工作需谨慎，建议在充分考虑后再做决定。

关键理由:
- **事业不稳定性**: 用户命盘中的官禄宫主星为天机[陷]，这表明在事业上可能存在不稳定性和变化，适合从事文秘、助理等副职工作，而不宜独自创大业或担任主要负责人。因此，换工作可能会面临不确定的风险。
- **当前工作表现良好**: 仆役宫的紫微星[旺]显示出在当前工作中有较好的表现和被重视的机会，适合从事较自由、压力小的工作。如果当前工作环境良好，可能不宜轻易更换。
- **创业和管理能力不足**: 命盘中天同星在事业宫不太适宜，说明用户在创业和管理方面的能力较弱，换工作后可能面临更大的挑战。

建议:
- **评估当前工作**: 认真评估当前工作的优缺点，考虑是否能够在现有岗位上进一步发展或改善。
- **寻找适合的机会**: 如果确实想换工作，建议寻找那些压力小、自由度高的职位，避免高风险的管理或创业岗位。
- **做好准备**: 在决定换工作之前，做好充分的准备，包括提升自身技能、建立人脉关系等，以应对可能的挑战。"
我最近投資有點不順，未來的財運會變好嗎？,"性别：女
生日：1989-09-17
八字：己巳 癸酉 庚辰 丁亥 亥时
命盘：
├官禄宫[丙寅]
│├ 主星: 贪狼[平][生年权]
│├ 辅星: 火星[庙]
│├ 小星: 解神+天福+天德
│├ 大限:46~55虚岁
│└ 小限:6,18,30,42,54,66,78,90,102,114虚岁
├仆役宫[丁卯]
│├ 主星: 天机[旺]+巨门[庙]
│├ 辅星: 右弼+文曲[旺]
│├ 小星: 恩光+天才+天伤
│├ 大限:56~65虚岁
│└ 小限:5,17,29,41,53,65,77,89,101,113虚岁
├迁移宫[戊辰]
│├ 主星: 紫微[得]+天相[得]
│├ 辅星: 
│├ 小星: 天喜+三台+寡宿+天刑
│├ 大限:66~75虚岁
│└ 小限:4,16,28,40,52,64,76,88,100,112虚岁
├疾厄宫[己巳]
│├ 主星: 天梁[陷][生年科]
│├ 辅星: 陀罗[陷]
│├ 小星: 凤阁+台辅+天使+年解
│├ 大限:76~85虚岁
│└ 小限:3,15,27,39,51,63,75,87,99,111虚岁
├财帛宫[庚午]
│├ 主星: 七杀[旺]
│├ 辅星: 禄存
│├ 小星: 咸池+天空
│├ 大限:86~95虚岁
│└ 小限:2,14,26,38,50,62,74,86,98,110虚岁
├子女宫[辛未]
│├ 主星: 
│├ 辅星: 擎羊[庙]
│├ 小星: 天贵+天月+蜚廉
│├ 大限:96~105虚岁
│└ 小限:1,13,25,37,49,61,73,85,97,109虚岁
├夫妻宫[壬申]
│├ 主星: 廉贞[庙]
│├ 辅星: 天钺
│├ 小星: 天姚+天厨+截路+孤辰
│├ 大限:106~115虚岁
│└ 小限:12,24,36,48,60,72,84,96,108,120虚岁
├兄弟宫[癸酉]
│├ 主星: 
│├ 辅星: 铃星[得]
│├ 小星: 龙池+天官+空亡+破碎
│├ 大限:116~125虚岁
│└ 小限:11,23,35,47,59,71,83,95,107,119虚岁
├命宫[甲戌]
│├ 主星: 破军[旺]
│├ 辅星: 地劫
│├ 小星: 红鸾+八座+月德
│├ 大限:6~15虚岁
│└ 小限:10,22,34,46,58,70,82,94,106,118虚岁
├父母宫[乙亥]
│├ 主星: 天同[庙]
│├ 辅星: 左辅+文昌[利]+天马
│├ 小星: 天巫+旬空+天虚
│├ 大限:16~25虚岁
│└ 小限:9,21,33,45,57,69,81,93,105,117虚岁
├福德宫[丙子]
│├ 主星: 武曲[旺][生年禄]+天府[庙]
│├ 辅星: 天魁+地空
│├ 小星: 阴煞
│├ 大限:26~35虚岁
│└ 小限:8,20,32,44,56,68,80,92,104,116虚岁
├田宅宫[丁丑]
│├ 主星: 太阳[不]+太阴[庙]
│├ 辅星: 
│├ 小星: 天寿+封诰+华盖+天哭
│├ 大限:36~45虚岁
│└ 小限:7,19,31,43,55,67,79,91,103,115虚岁","['财帛宫 七杀 禄存 财运', '七杀 化禄入 财帛宫 对财运的影响', '财帛宫 遇 陀罗 影响']","最终结论: 未来的财运有可能会有所改善，但需要谨慎应对投资风险。

关键理由:
- 财帛宫主星为七杀，显示出您在财运上具有波动性，虽然您有能力进行投资，但也容易因投机行为而遭遇损失。七杀星的特性使得财运起伏不定，您可能需要经历一些波折才能实现财务上的复苏。
- 财帛宫的小星咸池和天空，可能会影响财运的流动性和聚集性。咸池星常常与流动性相关，可能导致资金的进出不稳定，而天空星则可能带来一些意外的损失或支出。因此，当前的财务状况可能会受到这些因素的影响。
- 未来的财运改善需要依赖于您对投资的谨慎选择和对市场的敏锐观察。虽然命盘中没有明确的吉星来提升财运，但通过合理的投资决策和风险控制，您仍然有机会改善财务状况。

建议:
- 在投资时，建议您采取更加保守的策略，避免高风险的投机行为。可以考虑分散投资，降低单一项目的风险。
- 定期评估自己的投资组合，及时调整策略，以应对市场变化。保持灵活性，避免因短期波动而做出冲动决策。
- 关注财务知识的学习，提升自己的投资能力，增加对市场的理解，以便在未来的投资中做出更明智的选择。
- 如果可能，寻求专业的财务顾问的意见，以帮助您制定更为合理的投资计划。"
我的健康狀況不太穩定，接下來會有改善的指標嗎？,"性别：男
生日：1995-11-23
八字：乙亥 丁亥 戊午 癸亥 亥时
命盘：
├福德宫[戊寅]
│├ 主星: 武曲[得]+天相[庙]
│├ 辅星: 陀罗[陷]
│├ 小星: 三台+孤辰
│├ 大限:106~115虚岁
│└ 小限:2,14,26,38,50,62,74,86,98,110虚岁
├田宅宫[己卯]
│├ 主星: 太阳[庙]+天梁[庙][生年权]
│├ 辅星: 文曲[旺]+禄存
│├ 小星: 天贵+龙池
│├ 大限:96~105虚岁
│└ 小限:3,15,27,39,51,63,75,87,99,111虚岁
├官禄宫[庚辰]
│├ 主星: 七杀[庙]
│├ 辅星: 擎羊[庙]
│├ 小星: 红鸾+解神+天官+月德
│├ 大限:86~95虚岁
│└ 小限:4,16,28,40,52,64,76,88,100,112虚岁
├仆役宫[辛巳]
│├ 主星: 天机[平][生年禄]
│├ 辅星: 天马
│├ 小星: 台辅+天虚+天伤
│├ 大限:76~85虚岁
│└ 小限:5,17,29,41,53,65,77,89,101,113虚岁
├迁移宫[壬午]
│├ 主星: 紫微[庙][生年科]
│├ 辅星: 
│├ 小星: 天厨+天月+截路+天刑
│├ 大限:66~75虚岁
│└ 小限:6,18,30,42,54,66,78,90,102,114虚岁
├疾厄宫[癸未]
│├ 主星: 
│├ 辅星: 
│├ 小星: 华盖+空亡+天哭+天使
│├ 大限:56~65虚岁
│└ 小限:7,19,31,43,55,67,79,91,103,115虚岁
├财帛宫[甲申]
│├ 主星: 破军[得]
│├ 辅星: 天钺+火星[陷]
│├ 小星: 天巫+天福+天德+阴煞
│├ 大限:46~55虚岁
│└ 小限:8,20,32,44,56,68,80,92,104,116虚岁
├子女宫[乙酉]
│├ 主星: 
│├ 辅星: 铃星[得]
│├ 小星: 天寿+旬空+破碎
│├ 大限:36~45虚岁
│└ 小限:9,21,33,45,57,69,81,93,105,117虚岁
├夫妻宫[丙戌]
│├ 主星: 廉贞[利]+天府[庙]
│├ 辅星: 地劫
│├ 小星: 天喜+天姚+寡宿
│├ 大限:26~35虚岁
│└ 小限:10,22,34,46,58,70,82,94,106,118虚岁
├兄弟宫[丁亥]
│├ 主星: 太阴[庙][生年忌]
│├ 辅星: 文昌[利]
│├ 小星: 恩光+凤阁+天才+年解
│├ 大限:16~25虚岁
│└ 小限:11,23,35,47,59,71,83,95,107,119虚岁
├命宫[戊子]
│├ 主星: 贪狼[旺]
│├ 辅星: 天魁+地空
│├ 小星: 咸池+八座+天空
│├ 大限:6~15虚岁
│└ 小限:12,24,36,48,60,72,84,96,108,120虚岁
├父母宫[己丑]
│├ 主星: 天同[不]+巨门[不]
│├ 辅星: 左辅+右弼
│├ 小星: 封诰+蜚廉
│├ 大限:116~125虚岁
│└ 小限:1,13,25,37,49,61,73,85,97,109虚岁","['疾厄宫 华盖天哭天使 健康状况', '命宫 贪狼天魁地空 健康影响', '疾厄宫 空亡 遇影响']","最终结论: 目前您的健康状况可能会继续不稳定，改善的指示尚不明显。

关键理由:
- 您的疾厄宫没有主星，且小星华盖、空亡、天哭、天使等组合，暗示健康状况不佳，容易受到疾病的影响。这些星曜的组合通常意味着健康问题的隐患，可能会导致身体不适或慢性疾病。
- 虽然命宫的贪狼星旺盛，通常代表着活力和生命力，但由于疾厄宫的凶星影响，可能会导致健康问题的加重或反复。因此，命宫的吉星并不能完全抵消疾厄宫的负面影响。
- 目前没有明显的吉星或有利流年信息来支持健康状况的改善，缺乏积极的星曜影响可能使得健康问题持续存在。

建议:
- 定期进行身体检查，关注自身健康状况，尤其是肝胆和神经系统方面的问题。
- 保持良好的作息和饮食习惯，适当增加锻炼，增强身体抵抗力。
- 在生活中尽量减少压力，保持心理健康，避免情绪波动对身体的影响。
- 如果有明显的健康问题，建议及时就医，并咨询专业医生的意见。"
我對於家庭的問題感到困擾，能否給我一些指導？,"性别：女
生日：1982-03-04
八字：壬戌 壬寅 丙戌 癸巳 巳时
命盘：
├官禄宫[壬寅]
│├ 主星: 
│├ 辅星: 
│├ 小星: 天姚+龙池+截路
│├ 大限:84~93虚岁
│└ 小限:3,15,27,39,51,63,75,87,99,111虚岁
├仆役宫[癸卯]
│├ 主星: 天府[得]
│├ 辅星: 天魁
│├ 小星: 咸池+月德+空亡+天伤
│├ 大限:74~83虚岁
│└ 小限:2,14,26,38,50,62,74,86,98,110虚岁
├迁移宫[甲辰]
│├ 主星: 太阴[陷]
│├ 辅星: 地劫
│├ 小星: 天贵+天虚
│├ 大限:64~73虚岁
│└ 小限:1,13,25,37,49,61,73,85,97,109虚岁
├疾厄宫[乙巳]
│├ 主星: 廉贞[陷]+贪狼[陷]
│├ 辅星: 左辅+文昌[庙]+天钺
│├ 小星: 红鸾+天月+天使
│├ 大限:54~63虚岁
│└ 小限:12,24,36,48,60,72,84,96,108,120虚岁
├财帛宫[丙午]
│├ 主星: 巨门[旺]
│├ 辅星: 地空+火星[庙]
│├ 小星: 天寿+天福
│├ 大限:44~53虚岁
│└ 小限:11,23,35,47,59,71,83,95,107,119虚岁
├子女宫[丁未]
│├ 主星: 天相[得]
│├ 辅星: 
│├ 小星: 封诰+天德+寡宿
│├ 大限:34~43虚岁
│└ 小限:10,22,34,46,58,70,82,94,106,118虚岁
├夫妻宫[戊申]
│├ 主星: 天同[旺]+天梁[陷][生年禄]
│├ 辅星: 天马+铃星[陷]
│├ 小星: 解神+天才+天巫+天哭
│├ 大限:24~33虚岁
│└ 小限:9,21,33,45,57,69,81,93,105,117虚岁
├兄弟宫[己酉]
│├ 主星: 武曲[利][生年忌]+七杀[庙]
│├ 辅星: 右弼+文曲[庙]
│├ 小星: 天厨
│├ 大限:14~23虚岁
│└ 小限:8,20,32,44,56,68,80,92,104,116虚岁
├命宫[庚戌]
│├ 主星: 太阳[不]
│├ 辅星: 陀罗[庙]
│├ 小星: 华盖+天官+天刑
│├ 大限:4~13虚岁
│└ 小限:7,19,31,43,55,67,79,91,103,115虚岁
├父母宫[辛亥]
│├ 主星: 
│├ 辅星: 禄存
│├ 小星: 天喜+台辅+天空+孤辰
│├ 大限:114~123虚岁
│└ 小限:6,18,30,42,54,66,78,90,102,114虚岁
├福德宫[壬子]
│├ 主星: 天机[庙]
│├ 辅星: 擎羊[陷]
│├ 小星: 恩光+凤阁+旬空+蜚廉+阴煞+年解
│├ 大限:104~113虚岁
│└ 小限:5,17,29,41,53,65,77,89,101,113虚岁
├田宅宫[癸丑]
│├ 主星: 紫微[庙][生年权]+破军[旺]
│├ 辅星: 
│├ 小星: 三台+八座+破碎
│├ 大限:94~103虚岁
│└ 小限:4,16,28,40,52,64,76,88,100,112虚岁","['父母宫 禄存 家庭问题 指导', '命宫 陀罗 影响 家庭问题', '福德宫 擎羊 家庭问题 作用']","最终结论: 你的家庭问题主要源于婚姻关系中的不和谐因素，以及家庭内部的情感波动。需要关注配偶的能力与家庭沟通，以改善家庭氛围。

关键理由:
- 夫妻宫的主星组合为天同（旺）与天梁（陷），这表明在婚姻中可能存在不和谐的因素。天梁的陷地状态可能导致配偶在某些方面的能力不足，进而影响家庭关系的稳定性。
- 夫妻宫的小星解神、天才、天巫与天哭暗示感情与家庭生活中可能会经历波折和情感困扰。这些星曜的影响可能导致家庭成员之间的沟通不畅，情感上的误解或冲突。
- 福德宫的主星天机（庙）虽然有助于精神生活的提升，但若逢煞星则可能影响家庭的和谐与幸福。贪狼星的特性可能导致家庭关系的复杂性，增加家庭内部的不安定因素。

建议:
- 加强与配偶的沟通，尝试在日常生活中多进行交流，分享彼此的感受与想法，避免误解与矛盾的加深。
- 在家庭决策中，尽量考虑配偶的意见，给予对方足够的支持与理解，帮助其提升自信心和能力。
- 定期进行家庭活动，增进家庭成员之间的感情，创造和谐的家庭氛围。
- 若感到情感困扰，可以考虑寻求专业的心理咨询或家庭辅导，帮助解决潜在的问题。"
我和伴侶的關係有點冷淡，未來是否有可能改善？,"性别：女
生日：2003-12-25
八字：癸未 甲子 壬申 己酉 酉时
命盘：
├夫妻宫[甲寅]
│├ 主星: 贪狼[平][生年忌]
│├ 辅星: 地空
│├ 小星: 天喜+恩光+天贵+天月
│├ 大限:105~114虚岁
│└ 小限:12,24,36,48,60,72,84,96,108,120虚岁
├兄弟宫[乙卯]
│├ 主星: 天机[旺]+巨门[庙][生年权]
│├ 辅星: 左辅+天魁
│├ 小星: 凤阁+台辅+蜚廉+年解
│├ 大限:115~124虚岁
│└ 小限:11,23,35,47,59,71,83,95,107,119虚岁
├命宫[丙辰]
│├ 主星: 紫微[得]+天相[得]
│├ 辅星: 
│├ 小星: 天德+寡宿+阴煞
│├ 大限:5~14虚岁
│└ 小限:10,22,34,46,58,70,82,94,106,118虚岁
├父母宫[丁巳]
│├ 主星: 天梁[陷]
│├ 辅星: 天钺+天马
│├ 小星: 三台+天寿+天福
│├ 大限:15~24虚岁
│└ 小限:9,21,33,45,57,69,81,93,105,117虚岁
├福德宫[戊午]
│├ 主星: 七杀[旺]
│├ 辅星: 火星[庙]
│├ 小星: 解神+天官
│├ 大限:25~34虚岁
│└ 小限:8,20,32,44,56,68,80,92,104,116虚岁
├田宅宫[己未]
│├ 主星: 
│├ 辅星: 铃星[利]
│├ 小星: 华盖
│├ 大限:35~44虚岁
│└ 小限:7,19,31,43,55,67,79,91,103,115虚岁
├官禄宫[庚申]
│├ 主星: 廉贞[庙]
│├ 辅星: 地劫
│├ 小星: 红鸾+天空+孤辰+天刑
│├ 大限:45~54虚岁
│└ 小限:6,18,30,42,54,66,78,90,102,114虚岁
├仆役宫[辛酉]
│├ 主星: 
│├ 辅星: 
│├ 小星: 八座+旬空+天伤
│├ 大限:55~64虚岁
│└ 小限:5,17,29,41,53,65,77,89,101,113虚岁
├迁移宫[壬戌]
│├ 主星: 破军[旺][生年禄]
│├ 辅星: 
│├ 小星: 
│├ 大限:65~74虚岁
│└ 小限:4,16,28,40,52,64,76,88,100,112虚岁
├疾厄宫[癸亥]
│├ 主星: 天同[庙]
│├ 辅星: 右弼+陀罗[陷]
│├ 小星: 龙池+天才+封诰+天巫+天厨+天哭+天使
│├ 大限:75~84虚岁
│└ 小限:3,15,27,39,51,63,75,87,99,111虚岁
├财帛宫[甲子]
│├ 主星: 武曲[旺]+天府[庙]
│├ 辅星: 禄存
│├ 小星: 天姚+咸池+月德+截路
│├ 大限:85~94虚岁
│└ 小限:2,14,26,38,50,62,74,86,98,110虚岁
├子女宫[乙丑]
│├ 主星: 太阳[不]+太阴[庙][生年科]
│├ 辅星: 文昌[庙]+文曲[庙]+擎羊[庙]
│├ 小星: 空亡+破碎+天虚
│├ 大限:95~104虚岁
│└ 小限:1,13,25,37,49,61,73,85,97,109虚岁","['夫妻宫 贪狼 地空 感情婚姻', '贪狼 化权入 夫妻宫 对感情的影响', '夫妻宫 遇 地空 作用']","最终结论: 你和伴侣的关系在未来有改善的可能，但需要双方共同努力和沟通。

关键理由:
- 夫妻宫的主星贪狼，虽然代表着情感的波动和不稳定，但同时也暗示了对情感的渴望和追求。贪狼星在命盘中常与情感的纠葛相关，表明你们的关系可能经历过一些波折，但并不代表没有改善的机会。
- 辅星地空的存在可能导致婚姻中缺乏支持和安全感，这种情况需要通过沟通和理解来弥补。夫妻之间的情感冷淡往往源于缺乏有效的交流和互动。
- 夫妻宫中有多个小星（如天喜、恩光、天贵、天月），这些星象虽然暗示了情感的波动，但也提供了改善关系的契机。特别是天喜星，象征着幸福和快乐，意味着在适当的时机，双方可以通过一些积极的互动来增进感情。

建议:
- 开展更多的沟通：尝试与伴侣进行深入的交流，分享彼此的感受和想法，尤其是在感情方面。可以选择一个轻松的环境，增进彼此的理解。
- 制造共同的快乐时光：可以一起参与一些有趣的活动或约会，增加互动和情感的连接。共同的经历能够帮助你们重燃感情的火花。
- 关注彼此的需求：了解伴侣的情感需求和期望，尝试在日常生活中给予更多的关心和支持，增强彼此的安全感。
- 考虑专业咨询：如果感情问题较为复杂，建议寻求专业的情感咨询，帮助你们更好地理解彼此，找到解决问题的有效方法。

通过以上的努力，你们的关系有望逐步改善，重拾情感的温暖。"
我想知道我是否會有小孩，何時會是最佳時機？,"性别：女
生日：2004-10-04
八字：甲申 癸酉 丙辰 辛卯 卯时
命盘：
├财帛宫[丙寅]
│├ 主星: 廉贞[庙][生年禄]
│├ 辅星: 禄存+天马+地劫
│├ 小星: 解神+恩光+天贵+凤阁+天才+天虚+年解
│├ 大限:45~54虚岁
│└ 小限:9,21,33,45,57,69,81,93,105,117虚岁
├子女宫[丁卯]
│├ 主星: 
│├ 辅星: 右弼+擎羊[陷]
│├ 小星: 
│├ 大限:35~44虚岁
│└ 小限:8,20,32,44,56,68,80,92,104,116虚岁
├夫妻宫[戊辰]
│├ 主星: 破军[旺][生年权]
│├ 辅星: 
│├ 小星: 华盖+蜚廉+天刑
│├ 大限:25~34虚岁
│└ 小限:7,19,31,43,55,67,79,91,103,115虚岁
├兄弟宫[己巳]
│├ 主星: 天同[庙]
│├ 辅星: 火星[得]
│├ 小星: 封诰+天厨+天德
│├ 大限:15~24虚岁
│└ 小限:6,18,30,42,54,66,78,90,102,114虚岁
├命宫[庚午]
│├ 主星: 武曲[旺][生年科]+天府[旺]
│├ 辅星: 
│├ 小星: 旬空
│├ 大限:5~14虚岁
│└ 小限:5,17,29,41,53,65,77,89,101,113虚岁
├父母宫[辛未]
│├ 主星: 太阳[得][生年忌]+太阴[不]
│├ 辅星: 文昌[利]+文曲[旺]+天钺
│├ 小星: 红鸾+三台+八座+天官+天月+寡宿
│├ 大限:115~124虚岁
│└ 小限:4,16,28,40,52,64,76,88,100,112虚岁
├福德宫[壬申]
│├ 主星: 贪狼[平]
│├ 辅星: 地空
│├ 小星: 天姚+天寿+截路
│├ 大限:105~114虚岁
│└ 小限:3,15,27,39,51,63,75,87,99,111虚岁
├田宅宫[癸酉]
│├ 主星: 天机[旺]+巨门[庙]
│├ 辅星: 
│├ 小星: 咸池+台辅+天福+天空+空亡+破碎
│├ 大限:95~104虚岁
│└ 小限:2,14,26,38,50,62,74,86,98,110虚岁
├官禄宫[甲戌]
│├ 主星: 紫微[得]+天相[得]
│├ 辅星: 
│├ 小星: 天哭
│├ 大限:85~94虚岁
│└ 小限:1,13,25,37,49,61,73,85,97,109虚岁
├仆役宫[乙亥]
│├ 主星: 天梁[陷]
│├ 辅星: 左辅
│├ 小星: 天巫+孤辰+天伤
│├ 大限:75~84虚岁
│└ 小限:12,24,36,48,60,72,84,96,108,120虚岁
├迁移宫[丙子]
│├ 主星: 七杀[旺]
│├ 辅星: 
│├ 小星: 龙池+阴煞
│├ 大限:65~74虚岁
│└ 小限:11,23,35,47,59,71,83,95,107,119虚岁
├疾厄宫[丁丑]
│├ 主星: 
│├ 辅星: 天魁+铃星[得]+陀罗[庙]
│├ 小星: 天喜+月德+天使
│├ 大限:55~64虚岁
│└ 小限:10,22,34,46,58,70,82,94,106,118虚岁","['子女宫 右弼擎羊 生育情况', '破军 化权入 夫妻宫 对生育的影响', '夫妻宫 破军天刑 对生育的影响']","最终结论: 根据您的命盘分析，您可能会面临子女数量较少的情况，并且在生育方面可能会遇到一些困难。最佳的生育时机可能在您35岁到44岁之间。

关键理由:
- 子女宫的主星为丁卯，辅星有右弼和擎羊[陷]，这表明您在生育方面可能会有一些挑战，尤其是擎羊的存在可能导致流产或小产的风险，且子女的性格可能较为顽劣。
- 结合命盘中的信息，破军星在子女宫中也暗示着子女数量少且可能面临夭折的情况，尤其在女性命盘中更为明显。
- 根据命盘的流年和大限，您在35岁到44岁之间的生育时机相对较好，此时可能会有更好的机会迎接孩子的到来。

建议:
- 在计划生育时，建议您在35岁到44岁之间进行尝试，这段时间可能会有更好的机会。
- 在怀孕前，建议进行全面的身体检查，确保身体健康，以降低流产的风险。
- 如果有意愿，建议咨询专业的医生或生育专家，获取更为详细的指导和建议，以确保在生育过程中能够得到更好的支持和帮助。
- 在怀孕期间，保持良好的心态和健康的生活方式，避免过度的压力和焦虑，有助于提高成功的机会。"
我的人際關係一直不太好，未來我該怎麼處理？,"性别：女
生日：1987-08-21
八字：丁卯 戊申 壬寅 丁未 未时
命盘：
├父母宫[壬寅]
│├ 主星: 廉贞[庙]
│├ 辅星: 
│├ 小星: 解神+八座+天巫+天官+截路+阴煞
│├ 大限:13~22虚岁
│└ 小限:12,24,36,48,60,72,84,96,108,120虚岁
├福德宫[癸卯]
│├ 主星: 
│├ 辅星: 文昌[利]
│├ 小星: 空亡+天刑+天哭
│├ 大限:23~32虚岁
│└ 小限:11,23,35,47,59,71,83,95,107,119虚岁
├田宅宫[甲辰]
│├ 主星: 破军[旺]
│├ 辅星: 右弼+地空+火星[陷]
│├ 小星: 恩光+天才+天空
│├ 大限:33~42虚岁
│└ 小限:10,22,34,46,58,70,82,94,106,118虚岁
├官禄宫[乙巳]
│├ 主星: 天同[庙][生年权]
│├ 辅星: 天马+铃星[得]+陀罗[陷]
│├ 小星: 天厨+孤辰+蜚廉+破碎
│├ 大限:43~52虚岁
│└ 小限:9,21,33,45,57,69,81,93,105,117虚岁
├仆役宫[丙午]
│├ 主星: 武曲[旺]+天府[旺]
│├ 辅星: 禄存+地劫
│├ 小星: 天喜+天寿+天伤
│├ 大限:53~62虚岁
│└ 小限:8,20,32,44,56,68,80,92,104,116虚岁
├迁移宫[丁未]
│├ 主星: 太阳[得]+太阴[不][生年禄]
│├ 辅星: 擎羊[庙]
│├ 小星: 天姚+龙池+凤阁+华盖+年解
│├ 大限:63~72虚岁
│└ 小限:7,19,31,43,55,67,79,91,103,115虚岁
├疾厄宫[戊申]
│├ 主星: 贪狼[平]
│├ 辅星: 
│├ 小星: 月德+天使
│├ 大限:73~82虚岁
│└ 小限:6,18,30,42,54,66,78,90,102,114虚岁
├财帛宫[己酉]
│├ 主星: 天机[旺][生年科]+巨门[庙][生年忌]
│├ 辅星: 天钺
│├ 小星: 封诰+天虚
│├ 大限:83~92虚岁
│└ 小限:5,17,29,41,53,65,77,89,101,113虚岁
├子女宫[庚戌]
│├ 主星: 紫微[得]+天相[得]
│├ 辅星: 左辅
│├ 小星: 
│├ 大限:93~102虚岁
│└ 小限:4,16,28,40,52,64,76,88,100,112虚岁
├夫妻宫[辛亥]
│├ 主星: 天梁[陷]
│├ 辅星: 文曲[旺]+天魁
│├ 小星: 天福+天月+旬空
│├ 大限:103~112虚岁
│└ 小限:3,15,27,39,51,63,75,87,99,111虚岁
├兄弟宫[壬子]
│├ 主星: 七杀[旺]
│├ 辅星: 
│├ 小星: 红鸾+咸池+三台+天贵+天德
│├ 大限:113~122虚岁
│└ 小限:2,14,26,38,50,62,74,86,98,110虚岁
├命宫[癸丑]
│├ 主星: 
│├ 辅星: 
│├ 小星: 台辅+寡宿
│├ 大限:3~12虚岁
│└ 小限:1,13,25,37,49,61,73,85,97,109虚岁","['兄弟宫 七杀 旺 人际关系 影响', '命宫 台辅 寡宿 人际关系 作用', '迁移宫 太阳 太阴 得 不 生年禄 人际关系 影响']","最终结论: 未来改善人际关系的关键在于提升沟通能力和积极参与社交活动，同时注意处理竞争和冲突。

关键理由:
- **兄弟宫的七杀星**：七杀星旺盛，可能导致人际关系中的竞争和冲突，特别是在与朋友和同事的互动中，容易产生摩擦。因此，需注意控制情绪，避免冲突升级。
- **迁移宫的太阳星**：太阳星的存在表明在外部环境中有较好的发展机会，适合积极参与社交活动，拓展人际网络。但同时也需警惕在团队合作中可能出现的人际关系挑战。
- **福德宫的文昌星**：文昌星的影响有助于提升沟通能力，促进良好的交流。因此，利用这一优势，主动与他人沟通，能够在一定程度上改善人际关系。

建议:
- **提升沟通技巧**：可以参加一些社交活动或培训，学习如何更有效地与他人沟通，增强人际交往的能力。
- **主动参与社交活动**：多参加聚会、团队活动等，借此机会结识新朋友，扩展人际网络，同时也能缓解与他人之间的紧张关系。
- **控制情绪与冲突**：在与他人交往时，保持冷静，避免因小事引发争执。可以尝试换位思考，理解他人的立场，减少摩擦。
- **寻求反馈与建议**：向信任的朋友或同事请教，了解自己在社交中的不足之处，及时调整自己的行为和态度。

通过以上策略，您可以逐步改善人际关系，建立更加和谐的社交网络。"
我對生活目標有些迷失，你能幫我看看方向嗎？,"性别：女
生日：1983-12-26
八字：癸亥 甲子 戊子 癸丑 丑时
命盘：
├田宅宫[甲寅]
│├ 主星: 破军[得][生年禄]
│├ 辅星: 左辅
│├ 小星: 八座+天贵+天巫+孤辰
│├ 大限:32~41虚岁
│└ 小限:12,24,36,48,60,72,84,96,108,120虚岁
├官禄宫[乙卯]
│├ 主星: 
│├ 辅星: 天魁
│├ 小星: 龙池+封诰
│├ 大限:42~51虚岁
│└ 小限:11,23,35,47,59,71,83,95,107,119虚岁
├仆役宫[丙辰]
│├ 主星: 廉贞[利]+天府[庙]
│├ 辅星: 
│├ 小星: 红鸾+月德+天伤
│├ 大限:52~61虚岁
│└ 小限:10,22,34,46,58,70,82,94,106,118虚岁
├迁移宫[丁巳]
│├ 主星: 太阴[陷][生年科]
│├ 辅星: 文曲[庙]+天钺+天马
│├ 小星: 天福+天虚
│├ 大限:62~71虚岁
│└ 小限:9,21,33,45,57,69,81,93,105,117虚岁
├疾厄宫[戊午]
│├ 主星: 贪狼[旺][生年忌]
│├ 辅星: 
│├ 小星: 解神+恩光+天官+阴煞+天使
│├ 大限:72~81虚岁
│└ 小限:8,20,32,44,56,68,80,92,104,116虚岁
├财帛宫[己未]
│├ 主星: 天同[不]+巨门[不][生年权]
│├ 辅星: 
│├ 小星: 台辅+华盖+天刑+天哭
│├ 大限:82~91虚岁
│└ 小限:7,19,31,43,55,67,79,91,103,115虚岁
├子女宫[庚申]
│├ 主星: 武曲[得]+天相[庙]
│├ 辅星: 
│├ 小星: 天德
│├ 大限:92~101虚岁
│└ 小限:6,18,30,42,54,66,78,90,102,114虚岁
├夫妻宫[辛酉]
│├ 主星: 太阳[陷]+天梁[得]
│├ 辅星: 文昌[庙]
│├ 小星: 破碎
│├ 大限:102~111虚岁
│└ 小限:5,17,29,41,53,65,77,89,101,113虚岁
├兄弟宫[壬戌]
│├ 主星: 七杀[庙]
│├ 辅星: 地空+火星[庙]
│├ 小星: 天喜+天才+天月+寡宿
│├ 大限:112~121虚岁
│└ 小限:4,16,28,40,52,64,76,88,100,112虚岁
├命宫[癸亥]
│├ 主星: 天机[平]
│├ 辅星: 铃星[利]+陀罗[陷]
│├ 小星: 天姚+凤阁+天厨+年解
│├ 大限:2~11虚岁
│└ 小限:3,15,27,39,51,63,75,87,99,111虚岁
├父母宫[甲子]
│├ 主星: 紫微[平]
│├ 辅星: 右弼+禄存+地劫
│├ 小星: 咸池+三台+天寿+天空+截路
│├ 大限:12~21虚岁
│└ 小限:2,14,26,38,50,62,74,86,98,110虚岁
├福德宫[乙丑]
│├ 主星: 
│├ 辅星: 擎羊[庙]
│├ 小星: 旬空+空亡+蜚廉
│├ 大限:22~31虚岁
│└ 小限:1,13,25,37,49,61,73,85,97,109虚岁","['命宫 天机陀罗 生活目标', '父母宫 紫微右弼 生活目标', '福德宫 擎羊 生活目标']","最终结论: 您在生活目标上感到迷失是可以理解的，结合您的命盘，建议您通过内心的稳定和人际关系的支持来重新找到方向。

关键理由:
- **天机星的特性**：您的命宫中有天机星，这颗星代表着聪明和机智，但也容易因思虑过多而导致优柔寡断。您可能会在多个选择中徘徊，难以专注于一个明确的目标。
- **情绪波动**：天机星的活跃性使得您容易受到外界影响，情绪不稳定，这可能导致对生活目标的迷失。因此，关注内心的稳定和情绪的管理是非常重要的。
- **人际关系的重要性**：您的命盘显示出人际关系对您实现目标的重要性。通过与他人合作、交流，您可以获得更多的支持和灵感，从而更清晰地认识自己的目标。

建议:
- **自我反思**：花时间进行自我反思，写下您目前的想法和感受，明确您真正想要的是什么。可以尝试冥想或静坐，帮助您平静内心，理清思路。
- **设定小目标**：从小的、可实现的目标开始，逐步建立自信心和方向感。每达成一个小目标，都会增强您的动力和信心。
- **寻求支持**：与朋友、家人或专业人士交流，分享您的困惑和想法。他们的反馈和建议可能会为您提供新的视角和思路。
- **关注内心感受**：在追求目标的过程中，时刻关注自己的内心感受，确保所追求的目标与您的价值观和内心需求相符。"
我想了解一下我的婚姻運，未來會有什麼變化？,"性别：女
生日：1999-02-06
八字：己卯 丙寅 己丑 乙亥 亥时
命盘：
├命宫[丙寅]
│├ 主星: 紫微[旺]+天府[庙]
│├ 辅星: 
│├ 小星: 天福+天月
│├ 大限:6~15虚岁
│└ 小限:12,24,36,48,60,72,84,96,108,120虚岁
├父母宫[丁卯]
│├ 主星: 太阴[陷]
│├ 辅星: 左辅+文曲[旺]
│├ 小星: 八座+天寿+天哭
│├ 大限:16~25虚岁
│└ 小限:11,23,35,47,59,71,83,95,107,119虚岁
├福德宫[戊辰]
│├ 主星: 贪狼[庙][生年权]
│├ 辅星: 
│├ 小星: 天空+阴煞
│├ 大限:26~35虚岁
│└ 小限:10,22,34,46,58,70,82,94,106,118虚岁
├田宅宫[己巳]
│├ 主星: 巨门[旺]
│├ 辅星: 天马+陀罗[陷]
│├ 小星: 天才+台辅+孤辰+蜚廉+破碎
│├ 大限:36~45虚岁
│└ 小限:9,21,33,45,57,69,81,93,105,117虚岁
├官禄宫[庚午]
│├ 主星: 廉贞[平]+天相[庙]
│├ 辅星: 禄存
│├ 小星: 天喜+解神+恩光
│├ 大限:46~55虚岁
│└ 小限:8,20,32,44,56,68,80,92,104,116虚岁
├仆役宫[辛未]
│├ 主星: 天梁[旺][生年科]
│├ 辅星: 擎羊[庙]
│├ 小星: 龙池+凤阁+华盖+天伤+年解
│├ 大限:56~65虚岁
│└ 小限:7,19,31,43,55,67,79,91,103,115虚岁
├迁移宫[壬申]
│├ 主星: 七杀[庙]
│├ 辅星: 天钺+火星[陷]
│├ 小星: 天厨+月德+截路+天刑
│├ 大限:66~75虚岁
│└ 小限:6,18,30,42,54,66,78,90,102,114虚岁
├疾厄宫[癸酉]
│├ 主星: 天同[平]
│├ 辅星: 铃星[得]
│├ 小星: 天官+旬空+空亡+天虚+天使
│├ 大限:76~85虚岁
│└ 小限:5,17,29,41,53,65,77,89,101,113虚岁
├财帛宫[甲戌]
│├ 主星: 武曲[庙][生年禄]
│├ 辅星: 地劫
│├ 小星: 天贵
│├ 大限:86~95虚岁
│└ 小限:4,16,28,40,52,64,76,88,100,112虚岁
├子女宫[乙亥]
│├ 主星: 太阳[陷]
│├ 辅星: 右弼+文昌[利]
│├ 小星: 三台+天巫
│├ 大限:96~105虚岁
│└ 小限:3,15,27,39,51,63,75,87,99,111虚岁
├夫妻宫[丙子]
│├ 主星: 破军[庙]
│├ 辅星: 天魁+地空
│├ 小星: 红鸾+天姚+咸池+天德
│├ 大限:106~115虚岁
│└ 小限:2,14,26,38,50,62,74,86,98,110虚岁
├兄弟宫[丁丑]
│├ 主星: 天机[陷]
│├ 辅星: 
│├ 小星: 封诰+寡宿
│├ 大限:116~125虚岁
│└ 小限:1,13,25,37,49,61,73,85,97,109虚岁","['夫妻宫 破军天魁地空 婚姻运', '破军 化禄入 夫妻宫 对婚姻运的影响', '夫妻宫 遇 天魁 作用']","最终结论: 您的婚姻运势可能会经历波折，未来的变化需要谨慎对待。

关键理由:
- 夫妻宫主星为破军[庙]，这表明您的婚姻生活可能会面临许多挑战，如性情不合、意见纷争等，可能导致聚少离多的情况，甚至存在离异的风险。
- 破军星与煞星相遇时，可能会引发生离死别的情况，早婚可能不利，而晚婚则可能减少波折，这意味着在选择伴侣和结婚时需要更加慎重。
- 夫妻宫受到天梁星的影响，虽然可能经历初恋失败和婚后波折，但若无煞星的干扰，复合的机会和感情的加深是有可能的。

建议:
- 在选择伴侣时，建议您多考虑性格和价值观的契合，避免因小事产生争执。
- 如果您已经在婚姻中，建议加强沟通，尝试共同解决问题，避免因误解而导致的分歧。
- 考虑在适当的时机进行婚姻咨询或寻求专业的建议，以帮助您更好地理解和应对婚姻中的挑战。
- 如果您有结婚的打算，建议推迟婚期，待双方更加成熟和了解彼此后再做决定，以减少潜在的波折。"
最近經常感到疲憊，這樣的狀況會持續嗎？,"性别：女
生日：2010-10-02
八字：庚寅 乙酉 乙酉 戊寅 寅时
命盘：
├疾厄宫[戊寅]
│├ 主星: 破军[得]
│├ 辅星: 
│├ 小星: 解神+天厨+天使
│├ 大限:53~62虚岁
│└ 小限:3,15,27,39,51,63,75,87,99,111虚岁
├财帛宫[己卯]
│├ 主星: 
│├ 辅星: 右弼+火星[利]
│├ 小星: 咸池+八座+天空
│├ 大限:43~52虚岁
│└ 小限:2,14,26,38,50,62,74,86,98,110虚岁
├子女宫[庚辰]
│├ 主星: 廉贞[利]+天府[庙]
│├ 辅星: 
│├ 小星: 封诰+天刑+天哭
│├ 大限:33~42虚岁
│└ 小限:1,13,25,37,49,61,73,85,97,109虚岁
├夫妻宫[辛巳]
│├ 主星: 太阴[陷][生年科]
│├ 辅星: 铃星[得]
│├ 小星: 天贵+孤辰
│├ 大限:23~32虚岁
│└ 小限:12,24,36,48,60,72,84,96,108,120虚岁
├兄弟宫[壬午]
│├ 主星: 贪狼[旺]
│├ 辅星: 文曲[陷]
│├ 小星: 龙池+天福+旬空+截路
│├ 大限:13~22虚岁
│└ 小限:11,23,35,47,59,71,83,95,107,119虚岁
├命宫[癸未]
│├ 主星: 天同[不][生年忌]+巨门[不]
│├ 辅星: 天钺+陀罗[庙]
│├ 小星: 天喜+恩光+天月+月德+空亡
│├ 大限:3~12虚岁
│└ 小限:10,22,34,46,58,70,82,94,106,118虚岁
├父母宫[甲申]
│├ 主星: 武曲[得][生年权]+天相[庙]
│├ 辅星: 文昌[得]+禄存+天马
│├ 小星: 天姚+凤阁+台辅+天虚+年解
│├ 大限:113~122虚岁
│└ 小限:9,21,33,45,57,69,81,93,105,117虚岁
├福德宫[乙酉]
│├ 主星: 太阳[陷][生年禄]+天梁[得]
│├ 辅星: 地空+擎羊[陷]
│├ 小星: 天才+破碎
│├ 大限:103~112虚岁
│└ 小限:8,20,32,44,56,68,80,92,104,116虚岁
├田宅宫[丙戌]
│├ 主星: 七杀[庙]
│├ 辅星: 
│├ 小星: 华盖+蜚廉
│├ 大限:93~102虚岁
│└ 小限:7,19,31,43,55,67,79,91,103,115虚岁
├官禄宫[丁亥]
│├ 主星: 天机[平]
│├ 辅星: 左辅
│├ 小星: 三台+天巫+天官+天德
│├ 大限:83~92虚岁
│└ 小限:6,18,30,42,54,66,78,90,102,114虚岁
├仆役宫[戊子]
│├ 主星: 紫微[平]
│├ 辅星: 
│├ 小星: 阴煞+天伤
│├ 大限:73~82虚岁
│└ 小限:5,17,29,41,53,65,77,89,101,113虚岁
├迁移宫[己丑]
│├ 主星: 
│├ 辅星: 天魁+地劫
│├ 小星: 红鸾+天寿+寡宿
│├ 大限:63~72虚岁
│└ 小限:4,16,28,40,52,64,76,88,100,112虚岁","['疾厄宫 破军 疲劳状况', '命宫 天同 巨门 疲劳影响', '福德宫 太阳 天梁 疲劳状况']","最终结论: 最近感到的疲惫感可能会持续一段时间，尤其是在面对压力和健康问题时。

关键理由:
- **疾厄宫的主星破军**：破军星在命盘中得星，虽然有助于激发斗志，但也可能导致身体健康状况不佳，特别是在大限53~62虚岁期间，可能会出现较大的健康波动。
- **福德宫的太阳陷地**：太阳星在陷地状态，可能影响精神状态，导致情绪低落和疲惫感加重，尤其在压力较大的情况下更为明显。
- **命宫的影响**：命宫中有天同与巨门，这两颗星的组合可能会影响到健康与精神状态，尤其是情绪波动和心理压力的反应。

建议:
- **保持良好的作息**：确保充足的睡眠和适当的休息，避免过度劳累。
- **适度运动**：通过适量的运动来提升身体的活力，改善精神状态，例如散步、瑜伽等轻松的活动。
- **心理调适**：可以尝试冥想、放松训练等方式来减轻心理压力，提升情绪。
- **定期健康检查**：关注身体健康，定期进行体检，及时发现潜在的健康问题。
- **寻求专业帮助**：如果疲惫感持续影响生活质量，建议咨询专业医生或心理咨询师，获取更为专业的建议和帮助。"
我很多事情都排不下來，是否有適合我的生活方式？,"性别：女
生日：1998-01-23
八字：丁丑 癸丑 庚午 癸未 未时
命盘：
├财帛宫[壬寅]
│├ 主星: 
│├ 辅星: 
│├ 小星: 红鸾+恩光+天官+天月+天空+截路+孤辰
│├ 大限:82~91虚岁
│└ 小限:6,18,30,42,54,66,78,90,102,114虚岁
├子女宫[癸卯]
│├ 主星: 天府[得]
│├ 辅星: 左辅+文昌[利]
│├ 小星: 三台+空亡
│├ 大限:92~101虚岁
│└ 小限:5,17,29,41,53,65,77,89,101,113虚岁
├夫妻宫[甲辰]
│├ 主星: 太阴[陷][生年禄]
│├ 辅星: 地空
│├ 小星: 阴煞
│├ 大限:102~111虚岁
│└ 小限:4,16,28,40,52,64,76,88,100,112虚岁
├兄弟宫[乙巳]
│├ 主星: 廉贞[陷]+贪狼[陷]
│├ 辅星: 铃星[得]+陀罗[陷]
│├ 小星: 龙池+天厨+天哭
│├ 大限:112~121虚岁
│└ 小限:3,15,27,39,51,63,75,87,99,111虚岁
├命宫[丙午]
│├ 主星: 巨门[旺][生年忌]
│├ 辅星: 禄存+地劫
│├ 小星: 咸池+解神+月德
│├ 大限:2~11虚岁
│└ 小限:2,14,26,38,50,62,74,86,98,110虚岁
├父母宫[丁未]
│├ 主星: 天相[得]
│├ 辅星: 擎羊[庙]
│├ 小星: 天才+天虚
│├ 大限:12~21虚岁
│└ 小限:1,13,25,37,49,61,73,85,97,109虚岁
├福德宫[戊申]
│├ 主星: 天同[旺][生年权]+天梁[陷]
│├ 辅星: 
│├ 小星: 天喜+天刑
│├ 大限:22~31虚岁
│└ 小限:12,24,36,48,60,72,84,96,108,120虚岁
├田宅宫[己酉]
│├ 主星: 武曲[利]+七杀[庙]
│├ 辅星: 天钺
│├ 小星: 凤阁+天寿+封诰+旬空+蜚廉+年解
│├ 大限:32~41虚岁
│└ 小限:11,23,35,47,59,71,83,95,107,119虚岁
├官禄宫[庚戌]
│├ 主星: 太阳[不]
│├ 辅星: 火星[庙]
│├ 小星: 天贵+天德+寡宿
│├ 大限:42~51虚岁
│└ 小限:10,22,34,46,58,70,82,94,106,118虚岁
├仆役宫[辛亥]
│├ 主星: 
│├ 辅星: 右弼+文曲[旺]+天魁+天马
│├ 小星: 八座+天巫+天福+天伤
│├ 大限:52~61虚岁
│└ 小限:9,21,33,45,57,69,81,93,105,117虚岁
├迁移宫[壬子]
│├ 主星: 天机[庙][生年科]
│├ 辅星: 
│├ 小星: 天姚
│├ 大限:62~71虚岁
│└ 小限:8,20,32,44,56,68,80,92,104,116虚岁
├疾厄宫[癸丑]
│├ 主星: 紫微[庙]+破军[旺]
│├ 辅星: 
│├ 小星: 台辅+华盖+破碎+天使
│├ 大限:72~81虚岁
│└ 小限:7,19,31,43,55,67,79,91,103,115虚岁","['命宫 巨门禄存 生活方式', '福德宫 天同天梁 生活方式', '疾厄宫 紫微破军 生活方式']","最终结论: 适合你的生活方式应注重情绪管理与生活节奏的平衡，同时结合你的兴趣与精神追求，逐步调整生活习惯。

关键理由:
- **情绪波动与思维敏捷**：你的命宫中巨门星的影响使你思维敏捷，但也可能导致情绪波动和主观固执。这意味着在生活中，你可能会感到事情难以安排，容易受到情绪的影响。因此，建议你在生活中寻找一些能够帮助你平衡情绪的方法，比如冥想、瑜伽或其他形式的放松活动。
  
- **享受生活与缺乏进取心**：福德宫的天同星虽然带来一定的福气，能够让你在精神享受和生活情趣方面感到愉悦，但也可能导致你在享受生活的同时缺乏行动力和进取心。这提示你在享受生活的同时，设定一些小目标，逐步提升自己的行动力。

- **健康与压力**：疾厄宫的紫微星有助于健康，但破军星的影响可能使你在生活中面临许多挑战和压力。因此，建议你在生活中建立良好的健康习惯，比如规律的作息、均衡的饮食和适度的锻炼，以增强身体素质，减轻生活中的压力。

建议:
- **情绪管理**：尝试定期进行冥想或深呼吸练习，以帮助你平衡情绪，减少情绪波动对生活的影响。
  
- **设定小目标**：在享受生活的同时，设定一些小目标，逐步提升自己的行动力，比如每周制定一个小计划，完成后给予自己一些奖励。

- **健康生活**：建立规律的作息时间，保持均衡饮食，适度锻炼，以增强身体素质，提升生活质量。

- **兴趣发展**：寻找一些能够激发你兴趣的活动或爱好，既能享受生活，又能提升你的生活质量和满足感。"
我有開始考慮房屋的事情，這方面的運氣如何？,"性别：女
生日：1985-09-22
八字：乙丑 乙酉 甲子 丙寅 寅时
命盘：
├疾厄宫[戊寅]
│├ 主星: 天机[得][生年禄]+太阴[旺][生年忌]
│├ 辅星: 陀罗[陷]
│├ 小星: 红鸾+解神+恩光+天空+孤辰+天使
│├ 大限:73~82虚岁
│└ 小限:6,18,30,42,54,66,78,90,102,114虚岁
├财帛宫[己卯]
│├ 主星: 紫微[旺][生年科]+贪狼[利]
│├ 辅星: 右弼+禄存
│├ 小星: 
│├ 大限:83~92虚岁
│└ 小限:5,17,29,41,53,65,77,89,101,113虚岁
├子女宫[庚辰]
│├ 主星: 巨门[陷]
│├ 辅星: 擎羊[庙]
│├ 小星: 封诰+天官+天刑
│├ 大限:93~102虚岁
│└ 小限:4,16,28,40,52,64,76,88,100,112虚岁
├夫妻宫[辛巳]
│├ 主星: 天相[得]
│├ 辅星: 火星[得]
│├ 小星: 龙池+天哭
│├ 大限:103~112虚岁
│└ 小限:3,15,27,39,51,63,75,87,99,111虚岁
├兄弟宫[壬午]
│├ 主星: 天梁[庙][生年权]
│├ 辅星: 文曲[陷]
│├ 小星: 咸池+三台+天厨+月德+截路
│├ 大限:113~122虚岁
│└ 小限:2,14,26,38,50,62,74,86,98,110虚岁
├命宫[癸未]
│├ 主星: 廉贞[利]+七杀[庙]
│├ 辅星: 
│├ 小星: 天月+空亡+天虚
│├ 大限:3~12虚岁
│└ 小限:1,13,25,37,49,61,73,85,97,109虚岁
├父母宫[甲申]
│├ 主星: 
│├ 辅星: 文昌[得]+天钺
│├ 小星: 天喜+天姚+八座+天才+台辅+天福
│├ 大限:13~22虚岁
│└ 小限:12,24,36,48,60,72,84,96,108,120虚岁
├福德宫[乙酉]
│├ 主星: 
│├ 辅星: 地空
│├ 小星: 凤阁+蜚廉+年解
│├ 大限:23~32虚岁
│└ 小限:11,23,35,47,59,71,83,95,107,119虚岁
├田宅宫[丙戌]
│├ 主星: 天同[平]
│├ 辅星: 
│├ 小星: 天德+寡宿
│├ 大限:33~42虚岁
│└ 小限:10,22,34,46,58,70,82,94,106,118虚岁
├官禄宫[丁亥]
│├ 主星: 武曲[平]+破军[平]
│├ 辅星: 左辅+天马
│├ 小星: 天巫+旬空
│├ 大限:43~52虚岁
│└ 小限:9,21,33,45,57,69,81,93,105,117虚岁
├仆役宫[戊子]
│├ 主星: 太阳[陷]
│├ 辅星: 天魁+铃星[陷]
│├ 小星: 天贵+天寿+阴煞+天伤
│├ 大限:53~62虚岁
│└ 小限:8,20,32,44,56,68,80,92,104,116虚岁
├迁移宫[己丑]
│├ 主星: 天府[庙]
│├ 辅星: 地劫
│├ 小星: 华盖+破碎
│├ 大限:63~72虚岁
│└ 小限:7,19,31,43,55,67,79,91,103,115虚岁","['田宅宫 天同 财运', '田宅宫 遇 地劫 影响', '官禄宫 武曲破军 房屋运势']","最终结论: 您在房屋方面的运势较为平稳，适合自置不动产，具备良好的发展潜力。

关键理由:
- **田宅宫表现良好**：您的田宅宫主星为天同，辅星为天德，整体表现为平稳，意味着您在房屋方面的运势较好，能够守住已有的资产，也有机会创造新的财富。
- **晚年财产丰厚**：根据命盘分析，您在晚年有望积累丰厚的财产，这对于购置房产是一个积极的信号，表明未来的投资回报可能会非常可观。
- **命宫影响**：您的命宫为癸未，若命宫表现良好，将进一步增强田宅宫的吉利表现。命宫的吉利状态能够为您在购房时提供更多的支持和机会。

建议:
- **谨慎选择时机**：在考虑购房时，可以关注市场的波动，选择合适的时机进行投资，以确保能够获得更好的购房条件。
- **多方咨询**：在购房过程中，建议多咨询专业人士的意见，包括房地产经纪人、贷款顾问等，以获取全面的信息和建议。
- **考虑长期投资**：购房不仅是为了居住，更是一个长期的投资行为，建议您在选择房产时考虑未来的增值潜力，选择地段优越、配套设施完善的区域。

希望这些建议能对您在房屋方面的决策有所帮助！"
我和朋友之間出現了一些誤會，會不會有機會和好？,"性别：女
生日：1995-04-02
八字：乙亥 己卯 甲子 甲子 晚子时
命盘：
├夫妻宫[戊寅]
│├ 主星: 紫微[旺][生年科]+天府[庙]
│├ 辅星: 陀罗[陷]
│├ 小星: 封诰+天巫+孤辰
│├ 大限:104~113虚岁
│└ 小限:12,24,36,48,60,72,84,96,108,120虚岁
├兄弟宫[己卯]
│├ 主星: 太阴[陷][生年忌]
│├ 辅星: 禄存
│├ 小星: 天姚+龙池+天才+天寿
│├ 大限:114~123虚岁
│└ 小限:11,23,35,47,59,71,83,95,107,119虚岁
├命宫[庚辰]
│├ 主星: 贪狼[庙]
│├ 辅星: 文曲[得]+擎羊[庙]
│├ 小星: 红鸾+天官+天月+月德
│├ 大限:4~13虚岁
│└ 小限:10,22,34,46,58,70,82,94,106,118虚岁
├父母宫[辛巳]
│├ 主星: 巨门[旺]
│├ 辅星: 天马
│├ 小星: 八座+天虚
│├ 大限:14~23虚岁
│└ 小限:9,21,33,45,57,69,81,93,105,117虚岁
├福德宫[壬午]
│├ 主星: 廉贞[平]+天相[庙]
│├ 辅星: 左辅
│├ 小星: 天贵+台辅+天厨+截路
│├ 大限:24~33虚岁
│└ 小限:8,20,32,44,56,68,80,92,104,116虚岁
├田宅宫[癸未]
│├ 主星: 天梁[旺][生年权]
│├ 辅星: 
│├ 小星: 华盖+空亡+天哭
│├ 大限:34~43虚岁
│└ 小限:7,19,31,43,55,67,79,91,103,115虚岁
├官禄宫[甲申]
│├ 主星: 七杀[庙]
│├ 辅星: 右弼+天钺
│├ 小星: 天福+天德
│├ 大限:44~53虚岁
│└ 小限:6,18,30,42,54,66,78,90,102,114虚岁
├仆役宫[乙酉]
│├ 主星: 天同[平]
│├ 辅星: 火星[得]
│├ 小星: 三台+旬空+破碎+天伤
│├ 大限:54~63虚岁
│└ 小限:5,17,29,41,53,65,77,89,101,113虚岁
├迁移宫[丙戌]
│├ 主星: 武曲[庙]
│├ 辅星: 文昌[陷]+铃星[庙]
│├ 小星: 天喜+解神+寡宿+阴煞
│├ 大限:64~73虚岁
│└ 小限:4,16,28,40,52,64,76,88,100,112虚岁
├疾厄宫[丁亥]
│├ 主星: 太阳[陷]
│├ 辅星: 地空+地劫
│├ 小星: 凤阁+天刑+天使+年解
│├ 大限:74~83虚岁
│└ 小限:3,15,27,39,51,63,75,87,99,111虚岁
├财帛宫[戊子]
│├ 主星: 破军[庙]
│├ 辅星: 天魁
│├ 小星: 咸池+恩光+天空
│├ 大限:84~93虚岁
│└ 小限:2,14,26,38,50,62,74,86,98,110虚岁
├子女宫[己丑]
│├ 主星: 天机[陷][生年禄]
│├ 辅星: 
│├ 小星: 蜚廉
│├ 大限:94~103虚岁
│└ 小限:1,13,25,37,49,61,73,85,97,109虚岁","['兄弟宫 太阴禄存 人际关系 影响', '命宫 贪狼擎羊 友谊 影响', '兄弟宫 遇 陀罗 作用']","最终结论: 你与朋友之间的误会有可能得到解决，但需要付出一些努力和耐心。

关键理由:
- 你的命盘中兄弟宫的主星为太阴，且处于陷地状态，这表明你与朋友之间的关系可能较为脆弱，容易产生误会和争吵。
- 辅星禄存的存在虽然有助于改善关系，但在当前的状态下，可能需要更多的积极沟通和理解才能缓解紧张局势。

建议:
- 主动与朋友沟通，表达你的想法和感受，尽量避免情绪化的对话，保持冷静和理性。
- 尝试站在朋友的角度理解他们的感受，增进彼此的理解和信任。
- 如果可能，安排一次面对面的交流，面对面的沟通往往更能消除误会。
- 在交流中，尽量避免指责和批评，更多地使用“我”开头的句子，表达自己的感受，而不是对对方进行评价。
- 考虑一些共同的活动或回忆，以此来重建你们之间的情感联系。"
我的直覺對於未來的決定有懷疑，你覺得怎麼樣？,"性别：男
生日：1985-05-19
八字：乙丑 辛巳 戊午 己未 未时
命盘：
├仆役宫[戊寅]
│├ 主星: 贪狼[平]
│├ 辅星: 陀罗[陷]
│├ 小星: 红鸾+天巫+天空+孤辰+天伤
│├ 大限:72~81虚岁
│└ 小限:8,20,32,44,56,68,80,92,104,116虚岁
├迁移宫[己卯]
│├ 主星: 天机[旺][生年禄]+巨门[庙]
│├ 辅星: 文昌[利]+禄存
│├ 小星: 天姚+八座+天贵
│├ 大限:62~71虚岁
│└ 小限:9,21,33,45,57,69,81,93,105,117虚岁
├疾厄宫[庚辰]
│├ 主星: 紫微[得][生年科]+天相[得]
│├ 辅星: 地空+擎羊[庙]
│├ 小星: 天官+天月+天使
│├ 大限:52~61虚岁
│└ 小限:10,22,34,46,58,70,82,94,106,118虚岁
├财帛宫[辛巳]
│├ 主星: 天梁[陷][生年权]
│├ 辅星: 铃星[得]
│├ 小星: 龙池+天哭
│├ 大限:42~51虚岁
│└ 小限:11,23,35,47,59,71,83,95,107,119虚岁
├子女宫[壬午]
│├ 主星: 七杀[旺]
│├ 辅星: 左辅+地劫
│├ 小星: 咸池+天厨+月德+截路
│├ 大限:32~41虚岁
│└ 小限:12,24,36,48,60,72,84,96,108,120虚岁
├夫妻宫[癸未]
│├ 主星: 
│├ 辅星: 
│├ 小星: 恩光+空亡+天虚
│├ 大限:22~31虚岁
│└ 小限:1,13,25,37,49,61,73,85,97,109虚岁
├兄弟宫[甲申]
│├ 主星: 廉贞[庙]
│├ 辅星: 右弼+天钺
│├ 小星: 天喜+天福
│├ 大限:12~21虚岁
│└ 小限:2,14,26,38,50,62,74,86,98,110虚岁
├命宫[乙酉]
│├ 主星: 
│├ 辅星: 
│├ 小星: 凤阁+封诰+蜚廉+年解
│├ 大限:2~11虚岁
│└ 小限:3,15,27,39,51,63,75,87,99,111虚岁
├父母宫[丙戌]
│├ 主星: 破军[旺]
│├ 辅星: 火星[庙]
│├ 小星: 解神+天才+天德+寡宿+阴煞
│├ 大限:112~121虚岁
│└ 小限:4,16,28,40,52,64,76,88,100,112虚岁
├福德宫[丁亥]
│├ 主星: 天同[庙]
│├ 辅星: 文曲[旺]+天马
│├ 小星: 三台+旬空+天刑
│├ 大限:102~111虚岁
│└ 小限:5,17,29,41,53,65,77,89,101,113虚岁
├田宅宫[戊子]
│├ 主星: 武曲[旺]+天府[庙]
│├ 辅星: 天魁
│├ 小星: 天寿
│├ 大限:92~101虚岁
│└ 小限:6,18,30,42,54,66,78,90,102,114虚岁
├官禄宫[己丑]
│├ 主星: 太阳[不]+太阴[庙][生年忌]
│├ 辅星: 
│├ 小星: 台辅+华盖+破碎
│├ 大限:82~91虚岁
│└ 小限:7,19,31,43,55,67,79,91,103,115虚岁","['仆役宫 贪狼 陀罗 直觉影响', '疾厄宫 紫微 天相 直觉影响', '迁移宫 天机 巨门 直觉影响']","最终结论: 您对未来的决策感到怀疑是可以理解的，尤其是考虑到您命盘中的贪狼星的影响。建议您在做出重要决策时，保持冷静和理性，尽量减少情感因素的干扰。

关键理由:
- **贪狼星的影响**：您命盘中的贪狼星主浮荡，性格复杂，容易受到情感和欲望的驱动。这种特性可能导致您在面对未来决策时感到不安和怀疑，尤其是在涉及感情和物质方面的选择。
- **紫微星的吉象**：虽然疾厄宫的紫微星带来了一定的吉象，但与贪狼的复杂性格结合，可能在健康和心理状态上产生波动。这种波动可能进一步影响您的直觉，使您对未来的判断产生疑虑。

建议:
- **理性分析**：在做出决策时，尽量将情感因素与理性分析分开。可以列出优缺点，或咨询信任的朋友和家人，听取他们的意见。
- **自我反思**：花一些时间进行自我反思，了解自己内心真正的需求和欲望，避免被外界因素所左右。
- **寻求专业帮助**：如果怀疑和不安的情绪持续影响您的生活，考虑寻求心理咨询师的帮助，以获得更专业的指导和支持。
- **保持健康生活**：关注身心健康，适当锻炼、保持良好的作息和饮食习惯，有助于提升您的心理状态，从而增强直觉的准确性。

通过以上建议，您可以更好地应对内心的疑虑，做出更为明智的决策。"
我正在考慮進修，這對我的未來發展是好還是壞？,"性别：女
生日：2009-01-09
八字：戊子 乙丑 甲寅 庚午 午时
命盘：
├疾厄宫[甲寅]
│├ 主星: 七杀[庙]
│├ 辅星: 天马
│├ 小星: 天月+孤辰+天使
│├ 大限:56~65虚岁
│└ 小限:9,21,33,45,57,69,81,93,105,117虚岁
├财帛宫[乙卯]
│├ 主星: 天同[平]
│├ 辅星: 左辅
│├ 小星: 红鸾+天官+天福
│├ 大限:46~55虚岁
│└ 小限:8,20,32,44,56,68,80,92,104,116虚岁
├子女宫[丙辰]
│├ 主星: 武曲[庙]
│├ 辅星: 文昌[得]+铃星[陷]+陀罗[庙]
│├ 小星: 三台+恩光+龙池+华盖+阴煞
│├ 大限:36~45虚岁
│└ 小限:7,19,31,43,55,67,79,91,103,115虚岁
├夫妻宫[丁巳]
│├ 主星: 太阳[旺]
│├ 辅星: 禄存+地空+地劫
│├ 小星: 月德+破碎
│├ 大限:26~35虚岁
│└ 小限:6,18,30,42,54,66,78,90,102,114虚岁
├兄弟宫[戊午]
│├ 主星: 破军[庙]
│├ 辅星: 擎羊[陷]
│├ 小星: 解神+天厨+旬空+天哭+天虚
│├ 大限:16~25虚岁
│└ 小限:5,17,29,41,53,65,77,89,101,113虚岁
├命宫[己未]
│├ 主星: 天机[陷][生年忌]
│├ 辅星: 天钺
│├ 小星: 天才+天寿
│├ 大限:6~15虚岁
│└ 小限:4,16,28,40,52,64,76,88,100,112虚岁
├父母宫[庚申]
│├ 主星: 紫微[旺]+天府[得]
│├ 辅星: 火星[陷]
│├ 小星: 封诰+蜚廉+天刑
│├ 大限:116~125虚岁
│└ 小限:3,15,27,39,51,63,75,87,99,111虚岁
├福德宫[辛酉]
│├ 主星: 太阴[不][生年权]
│├ 辅星: 
│├ 小星: 天喜+咸池+天德
│├ 大限:106~115虚岁
│└ 小限:2,14,26,38,50,62,74,86,98,110虚岁
├田宅宫[壬戌]
│├ 主星: 贪狼[庙][生年禄]
│├ 辅星: 文曲[陷]
│├ 小星: 八座+天贵+凤阁+寡宿+年解
│├ 大限:96~105虚岁
│└ 小限:1,13,25,37,49,61,73,85,97,109虚岁
├官禄宫[癸亥]
│├ 主星: 巨门[旺]
│├ 辅星: 右弼
│├ 小星: 天巫
│├ 大限:86~95虚岁
│└ 小限:12,24,36,48,60,72,84,96,108,120虚岁
├仆役宫[甲子]
│├ 主星: 廉贞[平]+天相[庙]
│├ 辅星: 
│├ 小星: 天姚+台辅+截路+天伤
│├ 大限:76~85虚岁
│└ 小限:11,23,35,47,59,71,83,95,107,119虚岁
├迁移宫[乙丑]
│├ 主星: 天梁[旺]
│├ 辅星: 天魁
│├ 小星: 天空+空亡
│├ 大限:66~75虚岁
│└ 小限:10,22,34,46,58,70,82,94,106,118虚岁","['官禄宫 巨门右弼 事业发展', '命宫 天机擎羊 未来影响', '迁移宫 天梁天魁 进修影响']","最终结论: 进修对你的未来发展是有积极影响的，但需要谨慎选择方向和方式。

关键理由:
- **疾厄宫的七杀星**：你的疾厄宫主星为七杀，代表在事业上有较强的活动能力和竞争力。进修可以提升你的专业技能，增强你的竞争力，但也可能面临挑战和波折，因此在选择进修内容时需考虑自身的承受能力和兴趣。
- **财帛宫的天同星**：天同星在财帛宫，暗示你在进修后适合从事较为自由、少竞争的工作，如文教、艺术等领域。选择与这些领域相关的进修课程，能够更好地发挥你的优势。
- **夫妻宫的太阳星**：太阳在夫妻宫旺盛，说明你在进修过程中可能会结识到志同道合的人，增强人际关系，但也需注意与他人的互动，避免因压力影响情感生活。

建议:
- **选择适合的进修方向**：考虑与文教、艺术等相关的课程，这样更能发挥你的长处，避免高压的管理职位。
- **评估自身承受能力**：在进修过程中，要注意调节自己的情绪和压力，避免因竞争带来的负面影响。
- **建立良好的人际关系**：在进修期间，多与同学和老师交流，拓展人脉，这对未来的职业发展将有很大帮助。
- **定期自我反思**：在进修过程中，定期评估自己的学习进度和目标，确保自己在正确的道路上前进。"
我有一個創業的想法，能告訴我是否合適嗎？,"性别：男
生日：2008-03-29
八字：戊子 乙卯 戊辰 辛酉 酉时
命盘：
├财帛宫[甲寅]
│├ 主星: 天同[利]+天梁[庙]
│├ 辅星: 天马+地空
│├ 小星: 天姚+三台+孤辰
│├ 大限:86~95虚岁
│└ 小限:5,17,29,41,53,65,77,89,101,113虚岁
├子女宫[乙卯]
│├ 主星: 武曲[利]+七杀[旺]
│├ 辅星: 
│├ 小星: 红鸾+台辅+天官+天福
│├ 大限:96~105虚岁
│└ 小限:6,18,30,42,54,66,78,90,102,114虚岁
├夫妻宫[丙辰]
│├ 主星: 太阳[旺]
│├ 辅星: 陀罗[庙]
│├ 小星: 龙池+华盖
│├ 大限:106~115虚岁
│└ 小限:7,19,31,43,55,67,79,91,103,115虚岁
├兄弟宫[丁巳]
│├ 主星: 
│├ 辅星: 左辅+禄存
│├ 小星: 天月+月德+破碎
│├ 大限:116~125虚岁
│└ 小限:8,20,32,44,56,68,80,92,104,116虚岁
├命宫[戊午]
│├ 主星: 天机[庙][生年忌]
│├ 辅星: 擎羊[陷]
│├ 小星: 天才+天厨+旬空+天哭+天虚
│├ 大限:6~15虚岁
│└ 小限:9,21,33,45,57,69,81,93,105,117虚岁
├父母宫[己未]
│├ 主星: 紫微[庙]+破军[旺]
│├ 辅星: 天钺+铃星[利]
│├ 小星: 
│├ 大限:16~25虚岁
│└ 小限:10,22,34,46,58,70,82,94,106,118虚岁
├福德宫[庚申]
│├ 主星: 
│├ 辅星: 地劫
│├ 小星: 解神+天巫+蜚廉
│├ 大限:26~35虚岁
│└ 小限:11,23,35,47,59,71,83,95,107,119虚岁
├田宅宫[辛酉]
│├ 主星: 天府[旺]
│├ 辅星: 右弼
│├ 小星: 天喜+咸池+恩光+天贵+天德
│├ 大限:36~45虚岁
│└ 小限:12,24,36,48,60,72,84,96,108,120虚岁
├官禄宫[壬戌]
│├ 主星: 太阴[旺][生年权]
│├ 辅星: 
│├ 小星: 凤阁+寡宿+天刑+年解
│├ 大限:46~55虚岁
│└ 小限:1,13,25,37,49,61,73,85,97,109虚岁
├仆役宫[癸亥]
│├ 主星: 廉贞[陷]+贪狼[陷][生年禄]
│├ 辅星: 火星[利]
│├ 小星: 封诰+天伤
│├ 大限:56~65虚岁
│└ 小限:2,14,26,38,50,62,74,86,98,110虚岁
├迁移宫[甲子]
│├ 主星: 巨门[旺]
│├ 辅星: 
│├ 小星: 八座+天寿+截路+阴煞
│├ 大限:66~75虚岁
│└ 小限:3,15,27,39,51,63,75,87,99,111虚岁
├疾厄宫[乙丑]
│├ 主星: 天相[庙]
│├ 辅星: 文昌[庙]+文曲[庙]+天魁
│├ 小星: 天空+空亡+天使
│├ 大限:76~85虚岁
│└ 小限:4,16,28,40,52,64,76,88,100,112虚岁","['财帛宫 天同天梁 创业适合性', '太阴化权入 官禄宫 对创业的影响', '命宫 擎羊同宫 影响']","最终结论: 从命盘来看，您在创业方面可能面临一定的挑战，建议谨慎考虑。

关键理由:
- 财帛宫主星为天同，天同星在事业方面通常不太适合创业，容易缺乏进取心和行动力，倾向于享受清闲的生活。这意味着您在创业过程中可能缺乏必要的动力和管理能力。
- 命宫中有天机星，虽然具备一定的智慧和谋略，但也显示出缺乏独立开创的魄力，适合做幕僚或辅助性工作，而非独立创业。这可能会影响您在创业过程中做出果敢决策的能力。
- 目前缺乏对您具体创业想法的详细信息，无法进一步评估其适合性，因此建议在决定前进行更深入的思考和规划。

建议:
- 在考虑创业之前，建议您先进行市场调研，了解自己所想要进入的行业，评估其市场需求和竞争情况。
- 可以尝试从事一些辅助性工作或兼职，积累相关经验和人脉，这样可以为未来的创业打下基础。
- 如果您有创业的想法，可以考虑与他人合作，寻找合适的伙伴来弥补您在管理和决策方面的不足。
- 最后，建议您在创业过程中保持灵活性，及时调整策略，以应对可能出现的挑战。"
我的家庭關係有些緊張，能否改善？,"性别：男
生日：1992-01-31
八字：辛未 辛丑 丙午 戊戌 戌时
命盘：
├兄弟宫[庚寅]
│├ 主星: 廉贞[庙]
│├ 辅星: 文曲[平]+天钺
│├ 小星: 天喜+天月
│├ 大限:13~22虚岁
│└ 小限:2,14,26,38,50,62,74,86,98,110虚岁
├命宫[辛卯]
│├ 主星: 
│├ 辅星: 左辅
│├ 小星: 天贵+凤阁+蜚廉+年解
│├ 大限:3~12虚岁
│└ 小限:3,15,27,39,51,63,75,87,99,111虚岁
├父母宫[壬辰]
│├ 主星: 破军[旺]
│├ 辅星: 
│├ 小星: 台辅+天德+截路+寡宿+阴煞
│├ 大限:113~122虚岁
│└ 小限:4,16,28,40,52,64,76,88,100,112虚岁
├福德宫[癸巳]
│├ 主星: 天同[庙]
│├ 辅星: 天马
│├ 小星: 三台+天福+空亡
│├ 大限:103~112虚岁
│└ 小限:5,17,29,41,53,65,77,89,101,113虚岁
├田宅宫[甲午]
│├ 主星: 武曲[旺]+天府[旺]
│├ 辅星: 天魁
│├ 小星: 解神+天寿+天厨
│├ 大限:93~102虚岁
│└ 小限:6,18,30,42,54,66,78,90,102,114虚岁
├官禄宫[乙未]
│├ 主星: 太阳[得][生年权]+太阴[不]
│├ 辅星: 火星[利]
│├ 小星: 华盖
│├ 大限:83~92虚岁
│└ 小限:7,19,31,43,55,67,79,91,103,115虚岁
├仆役宫[丙申]
│├ 主星: 贪狼[平]
│├ 辅星: 铃星[陷]+陀罗[陷]
│├ 小星: 红鸾+天空+孤辰+天刑+天伤
│├ 大限:73~82虚岁
│└ 小限:8,20,32,44,56,68,80,92,104,116虚岁
├迁移宫[丁酉]
│├ 主星: 天机[旺]+巨门[庙][生年禄]
│├ 辅星: 禄存+地劫
│├ 小星: 八座+天官
│├ 大限:63~72虚岁
│└ 小限:9,21,33,45,57,69,81,93,105,117虚岁
├疾厄宫[戊戌]
│├ 主星: 紫微[得]+天相[得]
│├ 辅星: 擎羊[庙]
│├ 小星: 天才+天使
│├ 大限:53~62虚岁
│└ 小限:10,22,34,46,58,70,82,94,106,118虚岁
├财帛宫[己亥]
│├ 主星: 天梁[陷]
│├ 辅星: 右弼
│├ 小星: 龙池+天巫+旬空+天哭
│├ 大限:43~52虚岁
│└ 小限:11,23,35,47,59,71,83,95,107,119虚岁
├子女宫[庚子]
│├ 主星: 七杀[旺]
│├ 辅星: 文昌[得]
│├ 小星: 天姚+咸池+封诰+月德
│├ 大限:33~42虚岁
│└ 小限:12,24,36,48,60,72,84,96,108,120虚岁
├夫妻宫[辛丑]
│├ 主星: 
│├ 辅星: 地空
│├ 小星: 恩光+破碎+天虚
│├ 大限:23~32虚岁
│└ 小限:1,13,25,37,49,61,73,85,97,109虚岁","['父母宫 破军 天德 家庭关系', '命宫 左辅 夫妻宫 地空 家庭关系', '父母宫 破军 遇 擎羊 影响']","最终结论: 您的家庭关系存在一定的紧张，但通过积极的沟通和理解，有可能改善这种状况。

关键理由:
- 您的命盘中父母宫[壬辰]主星为破军[旺]，这通常意味着家庭关系中可能存在波折和不稳定，可能导致与父母的关系紧张。
- 兄弟宫[庚寅]主星为廉贞，廉贞星在父母宫的影响下，可能导致父母与子女之间的关系较为疏远，进一步加剧家庭关系的紧张。

建议:
- **积极沟通**：尝试与父母进行开放的对话，表达自己的感受和想法，倾听他们的意见，努力理解彼此的立场。
- **寻求共识**：在家庭中寻找共同的兴趣或活动，增进彼此的了解和感情，减少误解和冲突。
- **调整心态**：在面对家庭矛盾时，保持冷静和理智，避免情绪化的反应，努力以平和的态度处理问题。
- **寻求外部帮助**：如果情况依然紧张，可以考虑寻求专业的家庭咨询或心理辅导，帮助改善家庭关系。

通过以上方法，您可以逐步改善家庭关系，增进与父母之间的理解与和谐。"
我想知道接下來是否會有新的戀情出現？,"性别：女
生日：1986-09-04
八字：丙寅 丙申 辛亥 甲午 午时
命盘：
├兄弟宫[庚寅]
│├ 主星: 贪狼[平]
│├ 辅星: 
│├ 小星: 解神
│├ 大限:13~22虚岁
│└ 小限:3,15,27,39,51,63,75,87,99,111虚岁
├命宫[辛卯]
│├ 主星: 天机[旺][生年权]+巨门[庙]
│├ 辅星: 右弼
│├ 小星: 咸池+八座+恩光+天空
│├ 大限:3~12虚岁
│└ 小限:2,14,26,38,50,62,74,86,98,110虚岁
├父母宫[壬辰]
│├ 主星: 紫微[得]+天相[得]
│├ 辅星: 文昌[得]+陀罗[庙]
│├ 小星: 截路+天刑+天哭
│├ 大限:113~122虚岁
│└ 小限:1,13,25,37,49,61,73,85,97,109虚岁
├福德宫[癸巳]
│├ 主星: 天梁[陷]
│├ 辅星: 禄存+地空+地劫
│├ 小星: 天才+天寿+天官+空亡+孤辰
│├ 大限:103~112虚岁
│└ 小限:12,24,36,48,60,72,84,96,108,120虚岁
├田宅宫[甲午]
│├ 主星: 七杀[旺]
│├ 辅星: 擎羊[陷]
│├ 小星: 龙池
│├ 大限:93~102虚岁
│└ 小限:11,23,35,47,59,71,83,95,107,119虚岁
├官禄宫[乙未]
│├ 主星: 
│├ 辅星: 火星[利]
│├ 小星: 天喜+天月+月德
│├ 大限:83~92虚岁
│└ 小限:10,22,34,46,58,70,82,94,106,118虚岁
├仆役宫[丙申]
│├ 主星: 廉贞[庙][生年忌]
│├ 辅星: 天马
│├ 小星: 天姚+凤阁+封诰+天虚+天伤+年解
│├ 大限:73~82虚岁
│└ 小限:9,21,33,45,57,69,81,93,105,117虚岁
├迁移宫[丁酉]
│├ 主星: 
│├ 辅星: 天钺+铃星[得]
│├ 小星: 天贵+破碎
│├ 大限:63~72虚岁
│└ 小限:8,20,32,44,56,68,80,92,104,116虚岁
├疾厄宫[戊戌]
│├ 主星: 破军[旺]
│├ 辅星: 文曲[陷]
│├ 小星: 华盖+旬空+蜚廉+天使
│├ 大限:53~62虚岁
│└ 小限:7,19,31,43,55,67,79,91,103,115虚岁
├财帛宫[己亥]
│├ 主星: 天同[庙][生年禄]
│├ 辅星: 左辅+天魁
│├ 小星: 三台+天巫+天德
│├ 大限:43~52虚岁
│└ 小限:6,18,30,42,54,66,78,90,102,114虚岁
├子女宫[庚子]
│├ 主星: 武曲[旺]+天府[庙]
│├ 辅星: 
│├ 小星: 台辅+天福+天厨+阴煞
│├ 大限:33~42虚岁
│└ 小限:5,17,29,41,53,65,77,89,101,113虚岁
├夫妻宫[辛丑]
│├ 主星: 太阳[不]+太阴[庙]
│├ 辅星: 
│├ 小星: 红鸾+寡宿
│├ 大限:23~32虚岁
│└ 小限:4,16,28,40,52,64,76,88,100,112虚岁","['夫妻宫 太阳太阴 感情婚姻', '命宫 天机巨门 影响感情', '夫妻宫 红鸾寡宿 影响']","最终结论: 在接下来的时间里，新的恋情出现的可能性较低，但并非完全没有机会。

关键理由:
- 夫妻宫的主星组合为太阳与太阴，表明婚姻方面可能存在不和或生离的情况。这种组合通常暗示着配偶性格强势，可能导致争执和冷淡，影响情感的稳定性。
- 破军星在夫妻宫中，意味着婚姻可能经历波折，配偶性格刚烈，行为不检点，进一步加剧了婚姻关系的不稳定性。这种不稳定性可能使得你在情感上处于一种谨慎和防备的状态，从而影响你对新恋情的开放态度。
- 从命盘来看，虽然夫妻宫的影响较为明显，但并未直接显示出即将出现的新恋情的迹象。可能需要更多的时间和经历来调整自己的情感状态。

建议:
- 建议你在情感上保持开放的心态，但同时也要谨慎对待新的关系。可以尝试多参加社交活动，增加与他人交流的机会。
- 在处理现有的情感关系时，建议保持沟通，尝试解决可能存在的矛盾，避免因误解而导致的情感疏远。
- 如果有机会接触到新的人际关系，建议先从朋友做起，慢慢了解对方，避免急于进入新的恋情，以免再次陷入不稳定的情感状态。"
我在生活上遇到了一些挑戰，該如何面對呢？,"性别：男
生日：1985-10-04
八字：乙丑 乙酉 丙子 庚寅 寅时
命盘：
├疾厄宫[戊寅]
│├ 主星: 天同[利]+天梁[庙][生年权]
│├ 辅星: 陀罗[陷]
│├ 小星: 红鸾+解神+恩光+天空+孤辰+天使
│├ 大限:53~62虚岁
│└ 小限:8,20,32,44,56,68,80,92,104,116虚岁
├财帛宫[己卯]
│├ 主星: 武曲[利]+七杀[旺]
│├ 辅星: 右弼+禄存
│├ 小星: 
│├ 大限:43~52虚岁
│└ 小限:9,21,33,45,57,69,81,93,105,117虚岁
├子女宫[庚辰]
│├ 主星: 太阳[旺]
│├ 辅星: 擎羊[庙]
│├ 小星: 封诰+天官+天刑
│├ 大限:33~42虚岁
│└ 小限:10,22,34,46,58,70,82,94,106,118虚岁
├夫妻宫[辛巳]
│├ 主星: 
│├ 辅星: 火星[得]
│├ 小星: 龙池+天哭
│├ 大限:23~32虚岁
│└ 小限:11,23,35,47,59,71,83,95,107,119虚岁
├兄弟宫[壬午]
│├ 主星: 天机[庙][生年禄]
│├ 辅星: 文曲[陷]
│├ 小星: 咸池+三台+天厨+月德+截路
│├ 大限:13~22虚岁
│└ 小限:12,24,36,48,60,72,84,96,108,120虚岁
├命宫[癸未]
│├ 主星: 紫微[庙][生年科]+破军[旺]
│├ 辅星: 
│├ 小星: 天月+空亡+天虚
│├ 大限:3~12虚岁
│└ 小限:1,13,25,37,49,61,73,85,97,109虚岁
├父母宫[甲申]
│├ 主星: 
│├ 辅星: 文昌[得]+天钺
│├ 小星: 天喜+天姚+八座+天才+台辅+天福
│├ 大限:113~122虚岁
│└ 小限:2,14,26,38,50,62,74,86,98,110虚岁
├福德宫[乙酉]
│├ 主星: 天府[旺]
│├ 辅星: 地空
│├ 小星: 凤阁+蜚廉+年解
│├ 大限:103~112虚岁
│└ 小限:3,15,27,39,51,63,75,87,99,111虚岁
├田宅宫[丙戌]
│├ 主星: 太阴[旺][生年忌]
│├ 辅星: 
│├ 小星: 天德+寡宿
│├ 大限:93~102虚岁
│└ 小限:4,16,28,40,52,64,76,88,100,112虚岁
├官禄宫[丁亥]
│├ 主星: 廉贞[陷]+贪狼[陷]
│├ 辅星: 左辅+天马
│├ 小星: 天巫+旬空
│├ 大限:83~92虚岁
│└ 小限:5,17,29,41,53,65,77,89,101,113虚岁
├仆役宫[戊子]
│├ 主星: 巨门[旺]
│├ 辅星: 天魁+铃星[陷]
│├ 小星: 天贵+天寿+阴煞+天伤
│├ 大限:73~82虚岁
│└ 小限:6,18,30,42,54,66,78,90,102,114虚岁
├迁移宫[己丑]
│├ 主星: 天相[庙]
│├ 辅星: 地劫
│├ 小星: 华盖+破碎
│├ 大限:63~72虚岁
│└ 小限:7,19,31,43,55,67,79,91,103,115虚岁","['疾厄宫 天同天梁 遇到挑战 生活', '命宫 紫微破军 对生活的影响', '兄弟宫 天机文曲 遇到挑战 生活']","最终结论: 面对生活中的挑战，你可以通过乐观的态度和积极的行动来克服困难，找到解决问题的方法。

关键理由:
- **乐观与温和的性格**: 你的疾厄宫主星天同与辅星天梁的组合，赋予你在逆境中保持乐观的能力。即使面对困难，你也能找到乐趣和安慰，这种性格特质能够帮助你更好地应对挑战。
- **化凶为吉的能力**: 天同星的特性使你在经历挫折时，能够逐渐化解困难，最终获得安定与享受。这意味着即使在逆境中，你也有能力找到解决方案。
- **克服好逸恶劳的倾向**: 你可能在面对挑战时容易产生逃避的心理，因此需要增强积极主动的态度，主动寻找解决问题的方法。

建议:
- **保持乐观心态**: 在面对挑战时，尽量保持积极的心态，寻找事情中的积极面，避免消极情绪的影响。
- **制定行动计划**: 针对具体的挑战，制定一个可行的行动计划，明确每一步的目标和时间节点，增强执行力。
- **寻求支持**: 不要害怕向朋友或家人寻求帮助，利用你乐于助人的特性，建立良好的支持网络，分享你的困扰和挑战。
- **培养积极习惯**: 尝试每天进行一些积极的活动，比如锻炼、阅读或学习新技能，增强自己的信心和能力，以更好地面对生活中的挑战。
- **定期反思**: 定期反思自己的进展和情绪，及时调整自己的心态和计划，确保自己始终朝着目标前进。

通过以上建议，你能够更有效地应对生活中的挑战，化解困难，获得更好的生活体验。"
我對目前的財務狀況感到焦慮，未來會更好嗎？,"性别：女
生日：1984-09-19
八字：甲子 癸酉 丙辰 乙未 未时
命盘：
├命宫[丙寅]
│├ 主星: 太阳[旺][生年忌]+巨门[庙]
│├ 辅星: 禄存+天马
│├ 小星: 解神+天才+孤辰
│├ 大限:6~15虚岁
│└ 小限:9,21,33,45,57,69,81,93,105,117虚岁
├父母宫[丁卯]
│├ 主星: 天相[陷]
│├ 辅星: 右弼+文昌[利]+擎羊[陷]
│├ 小星: 红鸾
│├ 大限:116~125虚岁
│└ 小限:8,20,32,44,56,68,80,92,104,116虚岁
├福德宫[戊辰]
│├ 主星: 天机[利]+天梁[庙]
│├ 辅星: 地空
│├ 小星: 八座+龙池+天寿+华盖+天刑
│├ 大限:106~115虚岁
│└ 小限:7,19,31,43,55,67,79,91,103,115虚岁
├田宅宫[己巳]
│├ 主星: 紫微[旺]+七杀[平]
│├ 辅星: 铃星[得]
│├ 小星: 天厨+月德+破碎
│├ 大限:96~105虚岁
│└ 小限:6,18,30,42,54,66,78,90,102,114虚岁
├官禄宫[庚午]
│├ 主星: 
│├ 辅星: 地劫
│├ 小星: 天哭+天虚
│├ 大限:86~95虚岁
│└ 小限:5,17,29,41,53,65,77,89,101,113虚岁
├仆役宫[辛未]
│├ 主星: 
│├ 辅星: 天钺
│├ 小星: 天官+天月+天伤
│├ 大限:76~85虚岁
│└ 小限:4,16,28,40,52,64,76,88,100,112虚岁
├迁移宫[壬申]
│├ 主星: 
│├ 辅星: 
│├ 小星: 天姚+截路+蜚廉
│├ 大限:66~75虚岁
│└ 小限:3,15,27,39,51,63,75,87,99,111虚岁
├疾厄宫[癸酉]
│├ 主星: 廉贞[平][生年禄]+破军[陷][生年权]
│├ 辅星: 火星[得]
│├ 小星: 天喜+咸池+天贵+封诰+天福+天德+空亡+天使
│├ 大限:56~65虚岁
│└ 小限:2,14,26,38,50,62,74,86,98,110虚岁
├财帛宫[甲戌]
│├ 主星: 
│├ 辅星: 
│├ 小星: 三台+凤阁+旬空+寡宿+年解
│├ 大限:46~55虚岁
│└ 小限:1,13,25,37,49,61,73,85,97,109虚岁
├子女宫[乙亥]
│├ 主星: 天府[得]
│├ 辅星: 左辅+文曲[旺]
│├ 小星: 天巫
│├ 大限:36~45虚岁
│└ 小限:12,24,36,48,60,72,84,96,108,120虚岁
├夫妻宫[丙子]
│├ 主星: 天同[旺]+太阴[庙]
│├ 辅星: 
│├ 小星: 阴煞
│├ 大限:26~35虚岁
│└ 小限:11,23,35,47,59,71,83,95,107,119虚岁
├兄弟宫[丁丑]
│├ 主星: 武曲[庙][生年科]+贪狼[庙]
│├ 辅星: 天魁+陀罗[庙]
│├ 小星: 恩光+台辅+天空
│├ 大限:16~25虚岁
│└ 小限:10,22,34,46,58,70,82,94,106,118虚岁","['财帛宫 三台凤阁 财务状况', '财帛宫 遇 煞星 影响', '财帛宫 左辅文曲 未来财务']","最终结论: 未来的财务状况有可能改善，但需要谨慎应对当前的财务焦虑。

关键理由:
- 财帛宫（甲戌）没有主星，只有小星如三台、凤阁等，表明财运存在波动，可能会经历聚散无常的情况。这意味着在某些时段可能会有收入，但也可能面临支出增加或财务纠纷的风险。
- 福德宫（戊辰）主星为天机（利）和天梁（庙），这表明你的精神状态和内心世界较为积极，能够在一定程度上影响你对财富的运用和管理。积极的心态有助于吸引更多的机会，但仍需注意实际的财务管理。

建议:
- 定期审视自己的财务状况，制定合理的预算，避免不必要的支出，以应对可能的财务波动。
- 尝试寻找额外的收入来源，如兼职或投资，增加财务的稳定性。
- 保持积极的心态，利用福德宫的吉星影响，寻求专业的财务建议，帮助你更好地管理和规划财务。
- 注意与他人的财务往来，避免因信任而导致的财务纠纷，保持谨慎的态度。"
我的工作人際關係不如意，如何才能改善？,"性别：男
生日：2000-04-29
八字：庚辰 庚辰 丁巳 甲辰 辰时
命盘：
├福德宫[戊寅]
│├ 主星: 
│├ 辅星: 天马+铃星[庙]
│├ 小星: 天巫+天厨+天哭
│├ 大限:26~35虚岁
│└ 小限:5,17,29,41,53,65,77,89,101,113虚岁
├田宅宫[己卯]
│├ 主星: 天府[得]
│├ 辅星: 地劫
│├ 小星: 天姚
│├ 大限:36~45虚岁
│└ 小限:6,18,30,42,54,66,78,90,102,114虚岁
├官禄宫[庚辰]
│├ 主星: 太阴[陷][生年科]
│├ 辅星: 
│├ 小星: 天才+华盖+天月
│├ 大限:46~55虚岁
│└ 小限:7,19,31,43,55,67,79,91,103,115虚岁
├仆役宫[辛巳]
│├ 主星: 廉贞[陷]+贪狼[陷]
│├ 辅星: 
│├ 小星: 天喜+恩光+天空+孤辰+天伤
│├ 大限:56~65虚岁
│└ 小限:8,20,32,44,56,68,80,92,104,116虚岁
├迁移宫[壬午]
│├ 主星: 巨门[旺]
│├ 辅星: 左辅+文昌[陷]+火星[庙]
│├ 小星: 三台+凤阁+封诰+天福+截路+蜚廉+年解
│├ 大限:66~75虚岁
│└ 小限:9,21,33,45,57,69,81,93,105,117虚岁
├疾厄宫[癸未]
│├ 主星: 天相[得]
│├ 辅星: 天钺+地空+陀罗[庙]
│├ 小星: 天贵+空亡+天使
│├ 大限:76~85虚岁
│└ 小限:10,22,34,46,58,70,82,94,106,118虚岁
├财帛宫[甲申]
│├ 主星: 天同[旺][生年忌]+天梁[陷]
│├ 辅星: 右弼+文曲[得]+禄存
│├ 小星: 八座+龙池+旬空
│├ 大限:86~95虚岁
│└ 小限:11,23,35,47,59,71,83,95,107,119虚岁
├子女宫[乙酉]
│├ 主星: 武曲[利][生年权]+七杀[庙]
│├ 辅星: 擎羊[陷]
│├ 小星: 咸池+月德
│├ 大限:96~105虚岁
│└ 小限:12,24,36,48,60,72,84,96,108,120虚岁
├夫妻宫[丙戌]
│├ 主星: 太阳[不][生年禄]
│├ 辅星: 
│├ 小星: 解神+台辅+阴煞+天虚
│├ 大限:106~115虚岁
│└ 小限:1,13,25,37,49,61,73,85,97,109虚岁
├兄弟宫[丁亥]
│├ 主星: 
│├ 辅星: 
│├ 小星: 红鸾+天官+天刑
│├ 大限:116~125虚岁
│└ 小限:2,14,26,38,50,62,74,86,98,110虚岁
├命宫[戊子]
│├ 主星: 天机[庙]
│├ 辅星: 
│├ 小星: 天寿
│├ 大限:6~15虚岁
│└ 小限:3,15,27,39,51,63,75,87,99,111虚岁
├父母宫[己丑]
│├ 主星: 紫微[庙]+破军[旺]
│├ 辅星: 天魁
│├ 小星: 天德+寡宿+破碎
│├ 大限:16~25虚岁
│└ 小限:4,16,28,40,52,64,76,88,100,112虚岁","['官禄宫 太阴 廉贞 贪狼 人际关系 影响', '迁移宫 巨门 左辅 文昌 人际关系 影响', '命宫 天机 疾厄宫 天相 人际关系 影响']","最终结论: 您的工作人际关系不如意，主要是由于命盘中官禄宫和仆役宫的星曜状态影响。通过改善沟通方式和调整心态，可以逐步改善人际关系。

关键理由:
- 官禄宫的主星太阴处于陷地，可能导致您在工作中与同事或上司的关系紧张，影响工作氛围。这种状态可能让您在表达自己意见时显得不够坚定，容易被误解。
- 仆役宫的廉贞和贪狼星同样处于陷地，表明在工作中与他人的合作关系不顺，容易产生误解和冲突。这可能使您在团队中感到孤立或被排斥。
- 迁移宫的巨门星旺相，虽然有助于提升您的交际能力，但也可能因为外部环境的变化而导致人际关系的不稳定，您需要在变化中找到稳定的沟通方式。

建议:
- **提升沟通技巧**：尝试主动与同事沟通，表达自己的想法和感受，避免误解的产生。可以通过定期的团队会议或一对一的交流来增进理解。
- **调整心态**：保持积极的心态，面对工作中的挑战时，尽量从他人的角度理解问题，减少冲突的发生。学会包容和理解他人的观点。
- **寻求反馈**：主动向同事或上司寻求反馈，了解自己在团队中的表现和他人的看法，及时调整自己的行为和沟通方式。
- **建立信任关系**：通过参与团队活动或社交场合，增进与同事的关系，建立信任感，从而改善工作氛围。
- **自我反思**：定期反思自己在工作中的表现，识别可能导致人际关系紧张的行为，并进行调整。

通过以上方法，您可以逐步改善工作中的人际关系，创造一个更和谐的工作环境。"
我一直想知道是否適合做副業，你有什麼建議嗎？,"性别：男
生日：1982-07-04
八字：壬戌 丙午 戊子 庚申 申时
命盘：
├官禄宫[壬寅]
│├ 主星: 天同[利]+天梁[庙][生年禄]
│├ 辅星: 文昌[陷]
│├ 小星: 恩光+龙池+台辅+截路
│├ 大限:44~53虚岁
│└ 小限:11,23,35,47,59,71,83,95,107,119虚岁
├仆役宫[癸卯]
│├ 主星: 武曲[利][生年忌]+七杀[旺]
│├ 辅星: 天魁+地空
│├ 小星: 咸池+月德+空亡+天伤
│├ 大限:54~63虚岁
│└ 小限:12,24,36,48,60,72,84,96,108,120虚岁
├迁移宫[甲辰]
│├ 主星: 太阳[旺]
│├ 辅星: 
│├ 小星: 天虚
│├ 大限:64~73虚岁
│└ 小限:1,13,25,37,49,61,73,85,97,109虚岁
├疾厄宫[乙巳]
│├ 主星: 
│├ 辅星: 天钺
│├ 小星: 红鸾+天姚+八座+天巫+天使
│├ 大限:74~83虚岁
│└ 小限:2,14,26,38,50,62,74,86,98,110虚岁
├财帛宫[丙午]
│├ 主星: 天机[庙]
│├ 辅星: 右弼
│├ 小星: 天福+阴煞
│├ 大限:84~93虚岁
│└ 小限:3,15,27,39,51,63,75,87,99,111虚岁
├子女宫[丁未]
│├ 主星: 紫微[庙][生年权]+破军[旺]
│├ 辅星: 地劫
│├ 小星: 天月+天德+寡宿
│├ 大限:94~103虚岁
│└ 小限:4,16,28,40,52,64,76,88,100,112虚岁
├夫妻宫[戊申]
│├ 主星: 
│├ 辅星: 左辅+天马
│├ 小星: 天才+天哭
│├ 大限:104~113虚岁
│└ 小限:5,17,29,41,53,65,77,89,101,113虚岁
├兄弟宫[己酉]
│├ 主星: 天府[旺]
│├ 辅星: 火星[得]
│├ 小星: 三台+天厨
│├ 大限:114~123虚岁
│└ 小限:6,18,30,42,54,66,78,90,102,114虚岁
├命宫[庚戌]
│├ 主星: 太阴[旺]
│├ 辅星: 陀罗[庙]
│├ 小星: 封诰+华盖+天官
│├ 大限:4~13虚岁
│└ 小限:7,19,31,43,55,67,79,91,103,115虚岁
├父母宫[辛亥]
│├ 主星: 廉贞[陷]+贪狼[陷]
│├ 辅星: 禄存+铃星[利]
│├ 小星: 天喜+天空+孤辰
│├ 大限:14~23虚岁
│└ 小限:8,20,32,44,56,68,80,92,104,116虚岁
├福德宫[壬子]
│├ 主星: 巨门[旺]
│├ 辅星: 文曲[得]+擎羊[陷]
│├ 小星: 解神+天贵+凤阁+天寿+旬空+蜚廉+年解
│├ 大限:24~33虚岁
│└ 小限:9,21,33,45,57,69,81,93,105,117虚岁
├田宅宫[癸丑]
│├ 主星: 天相[庙]
│├ 辅星: 
│├ 小星: 破碎+天刑
│├ 大限:34~43虚岁
│└ 小限:10,22,34,46,58,70,82,94,106,118虚岁","['官禄宫 天同天梁 副业建议', '天机 化权入 财帛宫 对副业的影响', '命宫 太阴 陀罗 副业影响']","最终结论: 用户适合从事副业，但应选择与自身能力和命盘特性相符的领域，避免过于激进或需要高度创意的项目。

关键理由:
- **官禄宫的天同星**：天同星在事业宫的表现通常倾向于享受和清闲，缺乏创业和管理的动力，可能不适合追求高强度的副业。用户在副业方面可能会缺乏持续的动力和创意，建议选择较为轻松的副业。
- **仆役宫的武曲星**：武曲星擅长理财和积累财富，表明用户在现有的财务管理上有一定的优势，能够稳健地管理财务，但不适合主动去开创新的事业。因此，副业应以财务管理、投资理财等为主，而非完全依赖创业。
- **财帛宫的天机星**：天机星的特性意味着在副业上可能会经历不稳定和变化，适合从事一些灵活性较高的工作，如文秘、会计、设计等。用户应考虑选择那些不需要长期承诺的副业，以应对可能的变化。

建议:
- **选择稳健的副业**：考虑从事与财务管理、投资理财相关的副业，利用武曲星的优势来积累财富。
- **避免高风险创业**：避免选择需要大量创意和管理的副业项目，以免因缺乏动力而导致失败。
- **灵活应对变化**：可以尝试一些灵活的兼职工作，如自由职业者、顾问等，适应天机星的变化特性，保持副业的灵活性和适应性。"
我在尋找愛情，能否預測一下我的桃花運？,"性别：男
生日：2010-12-20
八字：庚寅 戊子 甲辰 辛未 未时
命盘：
├子女宫[戊寅]
│├ 主星: 贪狼[平]
│├ 辅星: 左辅
│├ 小星: 天巫+天厨
│├ 大限:94~103虚岁
│└ 小限:11,23,35,47,59,71,83,95,107,119虚岁
├夫妻宫[己卯]
│├ 主星: 天机[旺]+巨门[庙]
│├ 辅星: 文昌[利]
│├ 小星: 咸池+天空
│├ 大限:104~113虚岁
│└ 小限:12,24,36,48,60,72,84,96,108,120虚岁
├兄弟宫[庚辰]
│├ 主星: 紫微[得]+天相[得]
│├ 辅星: 地空
│├ 小星: 三台+恩光+天哭
│├ 大限:114~123虚岁
│└ 小限:1,13,25,37,49,61,73,85,97,109虚岁
├命宫[辛巳]
│├ 主星: 天梁[陷]
│├ 辅星: 
│├ 小星: 孤辰
│├ 大限:4~13虚岁
│└ 小限:2,14,26,38,50,62,74,86,98,110虚岁
├父母宫[壬午]
│├ 主星: 七杀[旺]
│├ 辅星: 地劫
│├ 小星: 解神+龙池+天福+旬空+截路+阴煞
│├ 大限:14~23虚岁
│└ 小限:3,15,27,39,51,63,75,87,99,111虚岁
├福德宫[癸未]
│├ 主星: 
│├ 辅星: 天钺+陀罗[庙]
│├ 小星: 天喜+天才+月德+空亡+天刑
│├ 大限:24~33虚岁
│└ 小限:4,16,28,40,52,64,76,88,100,112虚岁
├田宅宫[甲申]
│├ 主星: 廉贞[庙]
│├ 辅星: 禄存+天马+火星[陷]
│├ 小星: 凤阁+天虚+年解
│├ 大限:34~43虚岁
│└ 小限:5,17,29,41,53,65,77,89,101,113虚岁
├官禄宫[乙酉]
│├ 主星: 
│├ 辅星: 擎羊[陷]
│├ 小星: 天寿+封诰+破碎
│├ 大限:44~53虚岁
│└ 小限:6,18,30,42,54,66,78,90,102,114虚岁
├仆役宫[丙戌]
│├ 主星: 破军[旺]
│├ 辅星: 铃星[庙]
│├ 小星: 八座+华盖+天月+蜚廉+天伤
│├ 大限:54~63虚岁
│└ 小限:7,19,31,43,55,67,79,91,103,115虚岁
├迁移宫[丁亥]
│├ 主星: 天同[庙][生年忌]
│├ 辅星: 文曲[旺]
│├ 小星: 天姚+天官+天德
│├ 大限:64~73虚岁
│└ 小限:8,20,32,44,56,68,80,92,104,116虚岁
├疾厄宫[戊子]
│├ 主星: 武曲[旺][生年权]+天府[庙]
│├ 辅星: 右弼
│├ 小星: 天贵+天使
│├ 大限:74~83虚岁
│└ 小限:9,21,33,45,57,69,81,93,105,117虚岁
├财帛宫[己丑]
│├ 主星: 太阳[不][生年禄]+太阴[庙][生年科]
│├ 辅星: 天魁
│├ 小星: 红鸾+台辅+寡宿
│├ 大限:84~93虚岁
│└ 小限:10,22,34,46,58,70,82,94,106,118虚岁","['夫妻宫 天机巨门 文昌 感情婚姻', '夫妻宫 咸池天空 桃花运', '命宫 孤辰 影响']","最终结论: 你的桃花运势较为积极，但需注意情感波动和潜在的外遇问题。

关键理由:
- 夫妻宫主星为天机[旺]+巨门[庙]，显示出你在寻找爱情时可能会遇到聪明且有文学艺术爱好的伴侣。这种配置通常意味着初期的感情会比较甜蜜，能够吸引到对方的注意。
- 夫妻宫辅星文昌[利]，有助于提升伴侣的知识水平和沟通能力，这将使得你们之间的交流更加顺畅，婚姻生活也较为理想。
- 然而，夫妻宫的小星咸池+天空暗示在感情中可能会出现外遇或情感困扰的情况。这意味着在追求爱情的过程中，可能会面临一些情绪波动或不稳定的状况。

建议:
- 在寻找爱情的过程中，保持理智和冷静，尤其是在情感波动较大的时候，避免因一时的情绪影响判断。
- 多参与社交活动，拓宽自己的交际圈，这样更容易遇到适合的伴侣。
- 注意与伴侣的沟通，及时解决可能出现的误会和情感问题，以维护感情的稳定。
- 对于可能出现的外遇问题，要保持警惕，建立信任和理解的基础，避免不必要的情感困扰。"
我對未來的旅遊計劃有些擔心，這樣的安排會有問題嗎？,"性别：女
生日：1987-08-07
八字：丁卯 丁未 戊子 辛酉 酉时
命盘：
├官禄宫[壬寅]
│├ 主星: 紫微[旺]+天府[庙]
│├ 辅星: 地空
│├ 小星: 天官+截路+天刑
│├ 大限:44~53虚岁
│└ 小限:12,24,36,48,60,72,84,96,108,120虚岁
├仆役宫[癸卯]
│├ 主星: 太阴[陷][生年禄]
│├ 辅星: 
│├ 小星: 台辅+天月+空亡+天哭+天伤
│├ 大限:54~63虚岁
│└ 小限:11,23,35,47,59,71,83,95,107,119虚岁
├迁移宫[甲辰]
│├ 主星: 贪狼[庙]
│├ 辅星: 
│├ 小星: 天空+阴煞
│├ 大限:64~73虚岁
│└ 小限:10,22,34,46,58,70,82,94,106,118虚岁
├疾厄宫[乙巳]
│├ 主星: 巨门[旺][生年忌]
│├ 辅星: 右弼+天马+陀罗[陷]
│├ 小星: 八座+天厨+孤辰+蜚廉+破碎+天使
│├ 大限:74~83虚岁
│└ 小限:9,21,33,45,57,69,81,93,105,117虚岁
├财帛宫[丙午]
│├ 主星: 廉贞[平]+天相[庙]
│├ 辅星: 禄存+火星[庙]
│├ 小星: 天喜+天姚
│├ 大限:84~93虚岁
│└ 小限:8,20,32,44,56,68,80,92,104,116虚岁
├子女宫[丁未]
│├ 主星: 天梁[旺]
│├ 辅星: 铃星[利]+擎羊[庙]
│├ 小星: 龙池+凤阁+天寿+华盖+年解
│├ 大限:94~103虚岁
│└ 小限:7,19,31,43,55,67,79,91,103,115虚岁
├夫妻宫[戊申]
│├ 主星: 七杀[庙]
│├ 辅星: 地劫
│├ 小星: 天巫+月德
│├ 大限:104~113虚岁
│└ 小限:6,18,30,42,54,66,78,90,102,114虚岁
├兄弟宫[己酉]
│├ 主星: 天同[平][生年权]
│├ 辅星: 左辅+天钺
│├ 小星: 三台+天虚
│├ 大限:114~123虚岁
│└ 小限:5,17,29,41,53,65,77,89,101,113虚岁
├命宫[庚戌]
│├ 主星: 武曲[庙]
│├ 辅星: 
│├ 小星: 
│├ 大限:4~13虚岁
│└ 小限:4,16,28,40,52,64,76,88,100,112虚岁
├父母宫[辛亥]
│├ 主星: 太阳[陷]
│├ 辅星: 天魁
│├ 小星: 封诰+天福+旬空
│├ 大限:14~23虚岁
│└ 小限:3,15,27,39,51,63,75,87,99,111虚岁
├福德宫[壬子]
│├ 主星: 破军[庙]
│├ 辅星: 
│├ 小星: 红鸾+咸池+解神+恩光+天贵+天德
│├ 大限:24~33虚岁
│└ 小限:2,14,26,38,50,62,74,86,98,110虚岁
├田宅宫[癸丑]
│├ 主星: 天机[陷][生年科]
│├ 辅星: 文昌[庙]+文曲[庙]
│├ 小星: 天才+寡宿
│├ 大限:34~43虚岁
│└ 小限:1,13,25,37,49,61,73,85,97,109虚岁","['迁移宫 贪狼 旅行安排 影响', '迁移宫 天空 遇 陀罗 影响', '迁移宫 遇 地空 旅行安排 作用']","最终结论: 您的旅游计划总体上是有利的，但仍需谨慎安排，避免可能的意外和挫折。

关键理由:
- 迁移宫主星贪狼处于庙旺状态，表明您在外出和变动方面有较强的机会和能力，适合进行旅游和探索新环境。
- 迁移宫的吉利状态意味着在外出时能够得到贵人的帮助，顺利达成目标，适合您进行旅游计划。
- 然而，命盘中也提到迁移宫有小星如阴煞，可能会带来一些不确定性和潜在的风险，因此在旅游时需多加小心，避免招致是非。

建议:
- 在制定旅游计划时，选择安全的目的地和交通方式，尽量避免人流密集的地方，以减少意外发生的可能性。
- 关注天气和当地的安全情况，做好充分的准备，以应对可能的突发情况。
- 在旅途中保持良好的心态，遇到问题时要冷静处理，避免因小事而影响整体的旅行体验。
- 如果可能，考虑邀请朋友或家人同行，以便在旅途中互相照应，增加安全感。"
我最近感覺情緒低落，你能告訴我怎麼調整嗎？,"性别：女
生日：1995-02-01
八字：甲戌 丁丑 癸亥 甲寅 寅时
命盘：
├福德宫[丙寅]
│├ 主星: 紫微[旺]+天府[庙]
│├ 辅星: 禄存
│├ 小星: 龙池+天寿+阴煞
│├ 大限:102~111虚岁
│└ 小限:3,15,27,39,51,63,75,87,99,111虚岁
├田宅宫[丁卯]
│├ 主星: 太阴[陷]
│├ 辅星: 火星[利]+擎羊[陷]
│├ 小星: 咸池+月德
│├ 大限:92~101虚岁
│└ 小限:2,14,26,38,50,62,74,86,98,110虚岁
├官禄宫[戊辰]
│├ 主星: 贪狼[庙]
│├ 辅星: 左辅
│├ 小星: 封诰+天虚
│├ 大限:82~91虚岁
│└ 小限:1,13,25,37,49,61,73,85,97,109虚岁
├仆役宫[己巳]
│├ 主星: 巨门[旺]
│├ 辅星: 铃星[得]
│├ 小星: 红鸾+三台+天巫+天厨+天伤
│├ 大限:72~81虚岁
│└ 小限:12,24,36,48,60,72,84,96,108,120虚岁
├迁移宫[庚午]
│├ 主星: 廉贞[平][生年禄]+天相[庙]
│├ 辅星: 文曲[陷]
│├ 小星: 天贵
│├ 大限:62~71虚岁
│└ 小限:11,23,35,47,59,71,83,95,107,119虚岁
├疾厄宫[辛未]
│├ 主星: 天梁[旺]
│├ 辅星: 天钺
│├ 小星: 天官+天德+寡宿+天使
│├ 大限:52~61虚岁
│└ 小限:10,22,34,46,58,70,82,94,106,118虚岁
├财帛宫[壬申]
│├ 主星: 七杀[庙]
│├ 辅星: 文昌[得]+天马
│├ 小星: 解神+恩光+台辅+旬空+截路+天哭
│├ 大限:42~51虚岁
│└ 小限:9,21,33,45,57,69,81,93,105,117虚岁
├子女宫[癸酉]
│├ 主星: 天同[平]
│├ 辅星: 地空
│├ 小星: 八座+天福+空亡+天刑
│├ 大限:32~41虚岁
│└ 小限:8,20,32,44,56,68,80,92,104,116虚岁
├夫妻宫[甲戌]
│├ 主星: 武曲[庙][生年科]
│├ 辅星: 右弼
│├ 小星: 天才+华盖+天月
│├ 大限:22~31虚岁
│└ 小限:7,19,31,43,55,67,79,91,103,115虚岁
├兄弟宫[乙亥]
│├ 主星: 太阳[陷][生年忌]
│├ 辅星: 
│├ 小星: 天喜+天空+孤辰
│├ 大限:12~21虚岁
│└ 小限:6,18,30,42,54,66,78,90,102,114虚岁
├命宫[丙子]
│├ 主星: 破军[庙][生年权]
│├ 辅星: 
│├ 小星: 凤阁+蜚廉+年解
│├ 大限:2~11虚岁
│└ 小限:5,17,29,41,53,65,77,89,101,113虚岁
├父母宫[丁丑]
│├ 主星: 天机[陷]
│├ 辅星: 天魁+地劫+陀罗[庙]
│├ 小星: 天姚+破碎
│├ 大限:112~121虚岁
│└ 小限:4,16,28,40,52,64,76,88,100,112虚岁","['福德宫 紫微天府 感情情绪调整', '疾厄宫 天梁天钺 情绪影响', '命宫 破军对照 情绪影响']","最终结论: 你可以通过调整生活方式和心态来改善情绪低落的状况。

关键理由:
- 你的福德宫主星为紫微（旺）和天府（庙），这表明你具备乐观和享受生活的能力，但阴煞的存在可能导致情绪阴沉和悲观，影响心情的稳定。
- 疾厄宫主星为天梁（旺），虽然身体健康状况良好，但情绪问题可能导致身体不适，尤其是与脾胃相关的疾病。因此，情绪的调整不仅关乎心理健康，也与身体健康息息相关。

建议:
1. **保持积极的社交活动**：多与亲友交流，参加一些社交活动，分享你的感受，能够有效缓解情绪低落。与他人互动可以带来正能量，帮助你重拾快乐。
   
2. **进行适量的运动**：运动能够释放内啡肽，提升情绪。你可以选择散步、瑜伽或其他你喜欢的运动方式，帮助身体和心理的放松。

3. **培养兴趣爱好**：尝试新的兴趣或重拾旧的爱好，比如绘画、音乐或阅读，这些活动能够分散注意力，提升心情。

4. **冥想与放松**：每天花一些时间进行冥想或深呼吸练习，帮助你平静内心，减轻焦虑和压力。

5. **注意饮食**：保持均衡的饮食，尤其是多摄入一些富含维生素B和Omega-3脂肪酸的食物，这些都有助于提升情绪。

6. **寻求专业帮助**：如果情绪低落持续，建议考虑寻求心理咨询师的帮助，他们可以提供专业的指导和支持。

通过以上方法，你可以逐步调整自己的情绪状态，提升生活的质量。"
我在父母那裡感受到一些壓力，這關係會改善嗎？,"性别：女
生日：2007-08-25
八字：丁亥 戊申 辛卯 丙申 申时
命盘：
├福德宫[壬寅]
│├ 主星: 七杀[庙]
│├ 辅星: 文昌[陷]
│├ 小星: 解神+台辅+天巫+天官+截路+孤辰+阴煞
│├ 大限:23~32虚岁
│└ 小限:12,24,36,48,60,72,84,96,108,120虚岁
├田宅宫[癸卯]
│├ 主星: 天同[平][生年权]
│├ 辅星: 地空
│├ 小星: 龙池+天寿+空亡+天刑
│├ 大限:33~42虚岁
│└ 小限:11,23,35,47,59,71,83,95,107,119虚岁
├官禄宫[甲辰]
│├ 主星: 武曲[庙]
│├ 辅星: 右弼
│├ 小星: 红鸾+八座+月德
│├ 大限:43~52虚岁
│└ 小限:10,22,34,46,58,70,82,94,106,118虚岁
├仆役宫[乙巳]
│├ 主星: 太阳[旺]
│├ 辅星: 天马+火星[得]+陀罗[陷]
│├ 小星: 天厨+天虚+天伤
│├ 大限:53~62虚岁
│└ 小限:9,21,33,45,57,69,81,93,105,117虚岁
├迁移宫[丙午]
│├ 主星: 破军[庙]
│├ 辅星: 禄存+铃星[庙]
│├ 小星: 
│├ 大限:63~72虚岁
│└ 小限:8,20,32,44,56,68,80,92,104,116虚岁
├疾厄宫[丁未]
│├ 主星: 天机[陷][生年科]
│├ 辅星: 地劫+擎羊[庙]
│├ 小星: 天姚+华盖+旬空+天哭+天使
│├ 大限:73~82虚岁
│└ 小限:7,19,31,43,55,67,79,91,103,115虚岁
├财帛宫[戊申]
│├ 主星: 紫微[旺]+天府[得]
│├ 辅星: 
│├ 小星: 天德
│├ 大限:83~92虚岁
│└ 小限:6,18,30,42,54,66,78,90,102,114虚岁
├子女宫[己酉]
│├ 主星: 太阴[不][生年禄]
│├ 辅星: 天钺
│├ 小星: 破碎
│├ 大限:93~102虚岁
│└ 小限:5,17,29,41,53,65,77,89,101,113虚岁
├夫妻宫[庚戌]
│├ 主星: 贪狼[庙]
│├ 辅星: 左辅
│├ 小星: 天喜+三台+封诰+寡宿
│├ 大限:103~112虚岁
│└ 小限:4,16,28,40,52,64,76,88,100,112虚岁
├兄弟宫[辛亥]
│├ 主星: 巨门[旺][生年忌]
│├ 辅星: 天魁
│├ 小星: 天贵+凤阁+天才+天福+天月+年解
│├ 大限:113~122虚岁
│└ 小限:3,15,27,39,51,63,75,87,99,111虚岁
├命宫[壬子]
│├ 主星: 廉贞[平]+天相[庙]
│├ 辅星: 文曲[得]
│├ 小星: 咸池+天空
│├ 大限:3~12虚岁
│└ 小限:2,14,26,38,50,62,74,86,98,110虚岁
├父母宫[癸丑]
│├ 主星: 天梁[旺]
│├ 辅星: 
│├ 小星: 恩光+蜚廉
│├ 大限:13~22虚岁
│└ 小限:1,13,25,37,49,61,73,85,97,109虚岁","['父母宫 天梁 感情关系', '命宫 廉贞天相 对父母宫的影响', '父母宫 遇 擎羊 影响']","最终结论: 您与父母的关系有改善的可能，但需要注意沟通和理解。

关键理由:
- 您的父母宫主星为天梁，天梁在父母宫的特性通常意味着父母感情较好，能够给予子女充分的照顾和支持。这表明您的父母在本质上是关心您的。
- 然而，天梁星在父母宫中如果受到煞星或刑克的影响，可能导致父母之间的关系紧张，从而间接影响到您与父母的互动。这种紧张关系可能是您感受到压力的原因。
- 根据您的命盘，虽然没有明确指出存在煞星或刑克的情况，但在面对压力时，沟通和理解是改善关系的关键。

建议:
- 尝试与父母进行开放的沟通，表达您的感受和压力，让他们了解您的想法和需求。这样可以帮助他们更好地理解您，也能缓解您内心的紧张感。
- 关注父母的情绪和需求，尝试在日常生活中多给予关心和理解，这样可以增强家庭的和谐氛围。
- 如果可能，可以寻求专业的家庭咨询或心理辅导，帮助您和父母更好地处理情感上的压力和沟通问题。

通过这些方法，您与父母的关系有望逐步改善。"
我想要提升自己的事業能力，有什麼指導嗎？,"性别：女
生日：2002-07-09
八字：壬午 丁未 戊寅 癸亥 亥时
命盘：
├疾厄宫[壬寅]
│├ 主星: 天机[得]+太阴[旺]
│├ 辅星: 铃星[庙]
│├ 小星: 八座+恩光+截路+蜚廉+天使
│├ 大限:52~61虚岁
│└ 小限:3,15,27,39,51,63,75,87,99,111虚岁
├财帛宫[癸卯]
│├ 主星: 紫微[旺][生年权]+贪狼[利]
│├ 辅星: 文曲[旺]+天魁
│├ 小星: 天喜+咸池+天德+空亡
│├ 大限:42~51虚岁
│└ 小限:2,14,26,38,50,62,74,86,98,110虚岁
├子女宫[甲辰]
│├ 主星: 巨门[陷]
│├ 辅星: 
│├ 小星: 凤阁+寡宿+年解
│├ 大限:32~41虚岁
│└ 小限:1,13,25,37,49,61,73,85,97,109虚岁
├夫妻宫[乙巳]
│├ 主星: 天相[得]
│├ 辅星: 天钺
│├ 小星: 天姚+台辅+天巫+破碎
│├ 大限:22~31虚岁
│└ 小限:12,24,36,48,60,72,84,96,108,120虚岁
├兄弟宫[丙午]
│├ 主星: 天梁[庙][生年禄]
│├ 辅星: 右弼
│├ 小星: 天贵+天福+阴煞
│├ 大限:12~21虚岁
│└ 小限:11,23,35,47,59,71,83,95,107,119虚岁
├命宫[丁未]
│├ 主星: 廉贞[利]+七杀[庙]
│├ 辅星: 
│├ 小星: 天月+天空
│├ 大限:2~11虚岁
│└ 小限:10,22,34,46,58,70,82,94,106,118虚岁
├父母宫[戊申]
│├ 主星: 
│├ 辅星: 左辅+天马
│├ 小星: 旬空+孤辰
│├ 大限:112~121虚岁
│└ 小限:9,21,33,45,57,69,81,93,105,117虚岁
├福德宫[己酉]
│├ 主星: 
│├ 辅星: 
│├ 小星: 红鸾+天厨
│├ 大限:102~111虚岁
│└ 小限:8,20,32,44,56,68,80,92,104,116虚岁
├田宅宫[庚戌]
│├ 主星: 天同[平]
│├ 辅星: 地劫+陀罗[庙]
│├ 小星: 龙池+华盖+天官
│├ 大限:92~101虚岁
│└ 小限:7,19,31,43,55,67,79,91,103,115虚岁
├官禄宫[辛亥]
│├ 主星: 武曲[平][生年忌]+破军[平]
│├ 辅星: 文昌[利]+禄存
│├ 小星: 天寿+月德
│├ 大限:82~91虚岁
│└ 小限:6,18,30,42,54,66,78,90,102,114虚岁
├仆役宫[壬子]
│├ 主星: 太阳[陷]
│├ 辅星: 地空+火星[陷]+擎羊[陷]
│├ 小星: 解神+三台+天哭+天虚+天伤
│├ 大限:72~81虚岁
│└ 小限:5,17,29,41,53,65,77,89,101,113虚岁
├迁移宫[癸丑]
│├ 主星: 天府[庙]
│├ 辅星: 
│├ 小星: 天才+封诰+天刑
│├ 大限:62~71虚岁
│└ 小限:4,16,28,40,52,64,76,88,100,112虚岁","['官禄宫 武曲破军 事业能力 指导', '命宫 廉贞七杀 事业能力 影响', '官禄宫 文昌天府 事业能力 影响']","最终结论: 您的命盘显示出强大的事业潜力，适合从事高层管理或独立创业。通过以下建议，您可以进一步提升自己的事业能力。

关键理由:
- 您的官禄宫主星武曲星在命宫中得地，表明您具备强烈的事业心和领导能力，适合从事竞争性和投资相关的工作。
- 武曲星与紫微星的结合，意味着您在事业上有较大的发展空间，能够得到贵人的提携，适合追求高层次的职业。
- 财帛宫的紫微星显示您在财务管理方面有良好的运势，努力工作将能带来财富的积累。

建议:
1. **提升专业技能**：考虑参加相关的职业培训或课程，提升自己的专业知识和技能，尤其是在管理、投资或财务方面的能力。
   
2. **建立人际网络**：积极参加行业交流活动，扩展人脉关系，寻找能够成为您事业贵人的人，建立良好的合作关系。

3. **设定明确目标**：为自己的职业发展设定短期和长期目标，并制定详细的计划，定期评估自己的进展。

4. **保持积极心态**：在事业发展过程中，保持积极乐观的态度，面对挑战时要有韧性，努力克服困难。

5. **关注财务管理**：利用您在财务管理方面的优势，学习投资理财知识，合理规划自己的财务，确保事业发展的同时实现财富的增长。

通过以上的策略和建议，您将能够更有效地提升自己的事业能力，并在未来的职业道路上取得更大的成就。"
我是否能夠在未來取得學業上的成功？,"性别：女
生日：1996-07-07
八字：丙子 乙未 乙巳 壬午 午时
命盘：
├福德宫[庚寅]
│├ 主星: 天机[得][生年权]+太阴[旺]
│├ 辅星: 天马
│├ 小星: 孤辰
│├ 大限:105~114虚岁
│└ 小限:9,21,33,45,57,69,81,93,105,117虚岁
├田宅宫[辛卯]
│├ 主星: 紫微[旺]+贪狼[利]
│├ 辅星: 
│├ 小星: 红鸾
│├ 大限:95~104虚岁
│└ 小限:8,20,32,44,56,68,80,92,104,116虚岁
├官禄宫[壬辰]
│├ 主星: 巨门[陷]
│├ 辅星: 文昌[得]+铃星[陷]+陀罗[庙]
│├ 小星: 龙池+华盖+截路
│├ 大限:85~94虚岁
│└ 小限:7,19,31,43,55,67,79,91,103,115虚岁
├仆役宫[癸巳]
│├ 主星: 天相[得]
│├ 辅星: 禄存+地空+地劫
│├ 小星: 天姚+三台+天巫+天官+月德+空亡+破碎+天伤
│├ 大限:75~84虚岁
│└ 小限:6,18,30,42,54,66,78,90,102,114虚岁
├迁移宫[甲午]
│├ 主星: 天梁[庙]
│├ 辅星: 右弼+擎羊[陷]
│├ 小星: 天贵+阴煞+天哭+天虚
│├ 大限:65~74虚岁
│└ 小限:5,17,29,41,53,65,77,89,101,113虚岁
├疾厄宫[乙未]
│├ 主星: 廉贞[利][生年忌]+七杀[庙]
│├ 辅星: 
│├ 小星: 天月+天使
│├ 大限:55~64虚岁
│└ 小限:4,16,28,40,52,64,76,88,100,112虚岁
├财帛宫[丙申]
│├ 主星: 
│├ 辅星: 左辅+火星[陷]
│├ 小星: 封诰+旬空+蜚廉
│├ 大限:45~54虚岁
│└ 小限:3,15,27,39,51,63,75,87,99,111虚岁
├子女宫[丁酉]
│├ 主星: 
│├ 辅星: 天钺
│├ 小星: 天喜+咸池+八座+天德
│├ 大限:35~44虚岁
│└ 小限:2,14,26,38,50,62,74,86,98,110虚岁
├夫妻宫[戊戌]
│├ 主星: 天同[平][生年禄]
│├ 辅星: 文曲[陷]
│├ 小星: 凤阁+寡宿+年解
│├ 大限:25~34虚岁
│└ 小限:1,13,25,37,49,61,73,85,97,109虚岁
├兄弟宫[己亥]
│├ 主星: 武曲[平]+破军[平]
│├ 辅星: 天魁
│├ 小星: 
│├ 大限:15~24虚岁
│└ 小限:12,24,36,48,60,72,84,96,108,120虚岁
├命宫[庚子]
│├ 主星: 太阳[陷]
│├ 辅星: 
│├ 小星: 解神+恩光+天才+天寿+台辅+天福+天厨
│├ 大限:5~14虚岁
│└ 小限:11,23,35,47,59,71,83,95,107,119虚岁
├父母宫[辛丑]
│├ 主星: 天府[庙]
│├ 辅星: 
│├ 小星: 天空+天刑
│├ 大限:115~124虚岁
│└ 小限:10,22,34,46,58,70,82,94,106,118虚岁","['福德宫 天机太阴 学业成功', '官禄宫 巨门文昌 对学业的影响', '命宫 太阳遇铃星 影响']","最终结论: 你在未来有很大的机会取得学业上的成功。

关键理由:
- **福德宫的良好状态**：你的福德宫主星为天机和太阴，天机星得生年权，太阴星旺。这表明你在精神生活和内心世界方面有良好的发展，能够保持积极的心态和稳定的情绪，这对学业的投入和成功至关重要。
- **官禄宫的文昌星**：你的官禄宫主星为巨门，辅星有文昌。文昌星主宰学问，适合从事研究、写作等文职工作，庙旺时有助于获得高学历和名誉地位。这意味着你在学业上具备较高的潜力和成就，尤其是在需要思考和创造力的领域。
- **精神投入与学业成功的关联**：福德宫的良好状态有助于你在学业上的投入，能够享受学习的过程，从而提高学业成绩。

建议:
- **保持积极的学习态度**：利用福德宫的良好状态，保持积极的心态，努力投入到学习中，克服可能的困难。
- **选择适合的学习领域**：考虑选择与文昌星相关的领域，如文学、艺术、社会科学等，这些领域可能更能发挥你的潜力。
- **定期自我反思**：定期对自己的学习进度和方法进行反思，调整学习策略，以适应自己的需求和目标。
- **寻求支持和帮助**：在学习过程中，不妨寻求老师或同学的帮助，建立良好的学习环境和支持系统，以增强学习效果。"
關於現在的戀情，我能否知道一些未來的變化？,"性别：女
生日：2008-01-05
八字：丁亥 壬子 乙巳 丙子 晚子时
命盘：
├福德宫[壬寅]
│├ 主星: 
│├ 辅星: 左辅
│├ 小星: 封诰+天巫+天官+截路+孤辰
│├ 大限:23~32虚岁
│└ 小限:12,24,36,48,60,72,84,96,108,120虚岁
├田宅宫[癸卯]
│├ 主星: 天府[得]
│├ 辅星: 
│├ 小星: 龙池+空亡
│├ 大限:33~42虚岁
│└ 小限:11,23,35,47,59,71,83,95,107,119虚岁
├官禄宫[甲辰]
│├ 主星: 太阴[陷][生年禄]
│├ 辅星: 文曲[得]
│├ 小星: 红鸾+月德
│├ 大限:43~52虚岁
│└ 小限:10,22,34,46,58,70,82,94,106,118虚岁
├仆役宫[乙巳]
│├ 主星: 廉贞[陷]+贪狼[陷]
│├ 辅星: 天马+陀罗[陷]
│├ 小星: 三台+天厨+天虚+天伤
│├ 大限:53~62虚岁
│└ 小限:9,21,33,45,57,69,81,93,105,117虚岁
├迁移宫[丙午]
│├ 主星: 巨门[旺][生年忌]
│├ 辅星: 禄存
│├ 小星: 解神+天贵+台辅+阴煞
│├ 大限:63~72虚岁
│└ 小限:8,20,32,44,56,68,80,92,104,116虚岁
├疾厄宫[丁未]
│├ 主星: 天相[得]
│├ 辅星: 擎羊[庙]
│├ 小星: 华盖+旬空+天刑+天哭+天使
│├ 大限:73~82虚岁
│└ 小限:7,19,31,43,55,67,79,91,103,115虚岁
├财帛宫[戊申]
│├ 主星: 天同[旺][生年权]+天梁[陷]
│├ 辅星: 
│├ 小星: 天德
│├ 大限:83~92虚岁
│└ 小限:6,18,30,42,54,66,78,90,102,114虚岁
├子女宫[己酉]
│├ 主星: 武曲[利]+七杀[庙]
│├ 辅星: 天钺+火星[得]
│├ 小星: 八座+破碎
│├ 大限:93~102虚岁
│└ 小限:5,17,29,41,53,65,77,89,101,113虚岁
├夫妻宫[庚戌]
│├ 主星: 太阳[不]
│├ 辅星: 文昌[陷]+铃星[庙]
│├ 小星: 天喜+天月+寡宿
│├ 大限:103~112虚岁
│└ 小限:4,16,28,40,52,64,76,88,100,112虚岁
├兄弟宫[辛亥]
│├ 主星: 
│├ 辅星: 天魁+地空+地劫
│├ 小星: 天姚+凤阁+天才+天寿+天福+年解
│├ 大限:113~122虚岁
│└ 小限:3,15,27,39,51,63,75,87,99,111虚岁
├命宫[壬子]
│├ 主星: 天机[庙][生年科]
│├ 辅星: 右弼
│├ 小星: 咸池+恩光+天空
│├ 大限:3~12虚岁
│└ 小限:2,14,26,38,50,62,74,86,98,110虚岁
├父母宫[癸丑]
│├ 主星: 紫微[庙]+破军[旺]
│├ 辅星: 
│├ 小星: 蜚廉
│├ 大限:13~22虚岁
│└ 小限:1,13,25,37,49,61,73,85,97,109虚岁","['夫妻宫 太阳文昌铃星 感情婚姻', '命宫 天机右弼 对恋情的影响', '夫妻宫 遇 文昌 作用']","最终结论: 目前的恋情可能面临一些波动和挑战，未来的发展需要谨慎对待。

关键理由:
- 夫妻宫的主星太阳在此宫位不吉，可能导致感情中的不和谐，暗示着在恋情中可能会遇到一些困难和波折。
- 夫妻宫中有桃花星（天喜、天月），这意味着可能会有感情纠纷或外遇的风险，需注意恋情中的信任问题。
- 太阳与文昌的组合虽然有助于沟通，但在感情中也可能导致误解和争执，尤其是在情绪高涨时，容易引发争吵。

建议:
- 保持良好的沟通，及时解决恋情中的矛盾，避免小问题演变成大冲突。
- 注意对方的情感变化，增强彼此的信任，避免因误会而产生不必要的争执。
- 在感情中保持冷静和理智，尽量避免情绪化的决策，必要时可以寻求第三方的建议或帮助。 

总之，虽然未来的变化可能带来挑战，但通过积极的沟通和理解，可以有效缓解潜在的问题。"
我的生活一直在重複，如何才能打破這種循環？,"性别：女
生日：2000-06-25
八字：庚辰 壬午 甲寅 辛未 未时
命盘：
├田宅宫[戊寅]
│├ 主星: 太阳[旺][生年禄]+巨门[庙]
│├ 辅星: 天马
│├ 小星: 天厨+天哭
│├ 大限:95~104虚岁
│└ 小限:9,21,33,45,57,69,81,93,105,117虚岁
├官禄宫[己卯]
│├ 主星: 天相[陷]
│├ 辅星: 文昌[利]
│├ 小星: 天才
│├ 大限:85~94虚岁
│└ 小限:8,20,32,44,56,68,80,92,104,116虚岁
├仆役宫[庚辰]
│├ 主星: 天机[利]+天梁[庙]
│├ 辅星: 地空
│├ 小星: 华盖+天伤
│├ 大限:75~84虚岁
│└ 小限:7,19,31,43,55,67,79,91,103,115虚岁
├迁移宫[辛巳]
│├ 主星: 紫微[旺]+七杀[平]
│├ 辅星: 铃星[得]
│├ 小星: 天喜+天姚+天寿+天巫+天空+孤辰
│├ 大限:65~74虚岁
│└ 小限:6,18,30,42,54,66,78,90,102,114虚岁
├疾厄宫[壬午]
│├ 主星: 
│├ 辅星: 右弼+地劫
│├ 小星: 凤阁+天福+截路+蜚廉+阴煞+天使+年解
│├ 大限:55~64虚岁
│└ 小限:5,17,29,41,53,65,77,89,101,113虚岁
├财帛宫[癸未]
│├ 主星: 
│├ 辅星: 天钺+陀罗[庙]
│├ 小星: 三台+八座+天月+空亡
│├ 大限:45~54虚岁
│└ 小限:4,16,28,40,52,64,76,88,100,112虚岁
├子女宫[甲申]
│├ 主星: 
│├ 辅星: 左辅+禄存
│├ 小星: 龙池+旬空
│├ 大限:35~44虚岁
│└ 小限:3,15,27,39,51,63,75,87,99,111虚岁
├夫妻宫[乙酉]
│├ 主星: 廉贞[平]+破军[陷]
│├ 辅星: 火星[得]+擎羊[陷]
│├ 小星: 咸池+天贵+封诰+月德
│├ 大限:25~34虚岁
│└ 小限:2,14,26,38,50,62,74,86,98,110虚岁
├兄弟宫[丙戌]
│├ 主星: 
│├ 辅星: 
│├ 小星: 天虚
│├ 大限:15~24虚岁
│└ 小限:1,13,25,37,49,61,73,85,97,109虚岁
├命宫[丁亥]
│├ 主星: 天府[得]
│├ 辅星: 文曲[旺]
│├ 小星: 红鸾+天官
│├ 大限:5~14虚岁
│└ 小限:12,24,36,48,60,72,84,96,108,120虚岁
├父母宫[戊子]
│├ 主星: 天同[旺][生年忌]+太阴[庙][生年科]
│├ 辅星: 
│├ 小星: 解神
│├ 大限:115~124虚岁
│└ 小限:11,23,35,47,59,71,83,95,107,119虚岁
├福德宫[己丑]
│├ 主星: 武曲[庙][生年权]+贪狼[庙]
│├ 辅星: 天魁
│├ 小星: 恩光+台辅+天德+寡宿+破碎+天刑
│├ 大限:105~114虚岁
│└ 小限:10,22,34,46,58,70,82,94,106,118虚岁","['命宫 天府 文曲 生活循环', '夫妻宫 廉贞破军 生活循环', '福德宫 武曲贪狼 生活循环']","最终结论: 你可以通过调整心态、改善人际关系和积极寻求变化来打破生活的循环。

关键理由:
- 夫妻宫中的破军星表明你在情感关系上可能经历波折，这可能导致你在生活中感到重复和困扰。破军星的特性使得感情关系不稳定，容易出现反复的情况。
- 福德宫的星情影响着你的内心状态和生活观，当遇到煞星时，可能会加重你对生活的不满和困扰。这种内心的不安可能使你在面对生活中的挑战时感到无力，从而陷入重复的循环。

建议:
- **调整心态**: 试着从积极的角度看待生活中的挑战，培养乐观的心态。可以通过冥想、瑜伽等方式来提升内心的平静。
- **改善人际关系**: 关注与他人的沟通，尤其是在情感关系中，尝试与伴侣进行深入的交流，解决潜在的矛盾和问题。建立良好的支持系统，寻求朋友和家人的帮助。
- **寻求变化**: 主动尝试新的事物，比如学习新的技能、参与新的活动或旅行，打破日常的单调。通过新的经历来丰富生活，带来新的视角和体验。
- **定期反思**: 每隔一段时间，进行自我反思，评估自己的生活状态和情感关系，及时调整方向，避免陷入同样的模式中。

通过这些方法，你可以逐步打破生活的循环，迎接新的变化和机会。"
我目前的處境讓我感到困惑，有什麼改變的機會？,"性别：女
生日：1994-02-26
八字：甲戌 丙寅 癸未 丙辰 辰时
命盘：
├官禄宫[丙寅]
│├ 主星: 天机[得]+太阴[旺]
│├ 辅星: 禄存
│├ 小星: 龙池+阴煞
│├ 大限:86~95虚岁
│└ 小限:3,15,27,39,51,63,75,87,99,111虚岁
├仆役宫[丁卯]
│├ 主星: 紫微[旺]+贪狼[利]
│├ 辅星: 地劫+擎羊[陷]
│├ 小星: 咸池+月德+天伤
│├ 大限:76~85虚岁
│└ 小限:2,14,26,38,50,62,74,86,98,110虚岁
├迁移宫[戊辰]
│├ 主星: 巨门[陷]
│├ 辅星: 左辅
│├ 小星: 天寿+天虚
│├ 大限:66~75虚岁
│└ 小限:1,13,25,37,49,61,73,85,97,109虚岁
├疾厄宫[己巳]
│├ 主星: 天相[得]
│├ 辅星: 火星[得]
│├ 小星: 红鸾+天巫+天厨+天使
│├ 大限:56~65虚岁
│└ 小限:12,24,36,48,60,72,84,96,108,120虚岁
├财帛宫[庚午]
│├ 主星: 天梁[庙]
│├ 辅星: 文昌[陷]
│├ 小星: 八座+封诰
│├ 大限:46~55虚岁
│└ 小限:11,23,35,47,59,71,83,95,107,119虚岁
├子女宫[辛未]
│├ 主星: 廉贞[利][生年禄]+七杀[庙]
│├ 辅星: 天钺+地空+铃星[利]
│├ 小星: 天官+天德+寡宿
│├ 大限:36~45虚岁
│└ 小限:10,22,34,46,58,70,82,94,106,118虚岁
├夫妻宫[壬申]
│├ 主星: 
│├ 辅星: 文曲[得]+天马
│├ 小星: 解神+三台+天才+旬空+截路+天哭
│├ 大限:26~35虚岁
│└ 小限:9,21,33,45,57,69,81,93,105,117虚岁
├兄弟宫[癸酉]
│├ 主星: 
│├ 辅星: 
│├ 小星: 恩光+天福+空亡+天刑
│├ 大限:16~25虚岁
│└ 小限:8,20,32,44,56,68,80,92,104,116虚岁
├命宫[甲戌]
│├ 主星: 天同[平]
│├ 辅星: 右弼
│├ 小星: 台辅+华盖+天月
│├ 大限:6~15虚岁
│└ 小限:7,19,31,43,55,67,79,91,103,115虚岁
├父母宫[乙亥]
│├ 主星: 武曲[平][生年科]+破军[平][生年权]
│├ 辅星: 
│├ 小星: 天喜+天贵+天空+孤辰
│├ 大限:116~125虚岁
│└ 小限:6,18,30,42,54,66,78,90,102,114虚岁
├福德宫[丙子]
│├ 主星: 太阳[陷][生年忌]
│├ 辅星: 
│├ 小星: 凤阁+蜚廉+年解
│├ 大限:106~115虚岁
│└ 小限:5,17,29,41,53,65,77,89,101,113虚岁
├田宅宫[丁丑]
│├ 主星: 天府[庙]
│├ 辅星: 天魁+陀罗[庙]
│├ 小星: 天姚+破碎
│├ 大限:96~105虚岁
│└ 小限:4,16,28,40,52,64,76,88,100,112虚岁","['命宫 天同 右弼 处境影响', '仆役宫 紫微 贪狼 处境影响', '财帛宫 天梁 文昌 处境影响']","最终结论: 你的处境虽然让你感到困惑，但通过灵活应变和积极的调整，有机会改善现状，尤其在感情和职业方面。

关键理由:
- **天机星的特性**：你的官禄宫主星为天机，辅星为太阴，天机星代表变化和灵活性，意味着你具备应对变化的能力。然而，这也可能导致你在决策时感到优柔寡断，情绪波动加剧，进而影响到你的判断和选择。
- **夫妻宫的文曲星**：夫妻宫中有文曲星，表明在感情方面可能会经历波折和复杂的关系。这可能是你目前困惑的一个重要原因，情感上的不确定性可能让你感到焦虑和不安。

建议:
- **增强自我反思**：利用天机星的灵活性，定期进行自我反思，明确自己的需求和目标。可以通过写日记或与信任的朋友交流来帮助理清思路。
- **寻求专业帮助**：如果感情问题让你困扰，考虑寻求专业的心理咨询或情感指导，帮助你更好地理解自己的情感需求和关系动态。
- **设定小目标**：在职业方面，设定一些短期可实现的小目标，逐步推进。这样可以减少因目标过大而带来的压力，同时也能增强你的自信心。
- **保持积极心态**：面对变化时，保持开放和积极的心态，接受变化带来的不确定性，努力寻找其中的机会，而不是仅仅关注困惑和挑战。

通过以上建议，你可以更好地应对目前的困境，逐步改善自己的处境。"
我想知道我的人際圈將來會有什麼變化？,"性别：男
生日：1986-10-28
八字：丙寅 戊戌 乙巳 丁亥 亥时
命盘：
├田宅宫[庚寅]
│├ 主星: 破军[得]
│├ 辅星: 右弼+铃星[庙]
│├ 小星: 八座+天贵+天月
│├ 大限:33~42虚岁
│└ 小限:11,23,35,47,59,71,83,95,107,119虚岁
├官禄宫[辛卯]
│├ 主星: 
│├ 辅星: 文曲[旺]
│├ 小星: 咸池+天空
│├ 大限:43~52虚岁
│└ 小限:12,24,36,48,60,72,84,96,108,120虚岁
├仆役宫[壬辰]
│├ 主星: 廉贞[利][生年忌]+天府[庙]
│├ 辅星: 陀罗[庙]
│├ 小星: 解神+截路+天哭+天伤
│├ 大限:53~62虚岁
│└ 小限:1,13,25,37,49,61,73,85,97,109虚岁
├迁移宫[癸巳]
│├ 主星: 太阴[陷]
│├ 辅星: 禄存
│├ 小星: 台辅+天巫+天官+空亡+孤辰+天刑
│├ 大限:63~72虚岁
│└ 小限:2,14,26,38,50,62,74,86,98,110虚岁
├疾厄宫[甲午]
│├ 主星: 贪狼[旺]
│├ 辅星: 擎羊[陷]
│├ 小星: 龙池+天使
│├ 大限:73~82虚岁
│└ 小限:3,15,27,39,51,63,75,87,99,111虚岁
├财帛宫[乙未]
│├ 主星: 天同[不][生年禄]+巨门[不]
│├ 辅星: 
│├ 小星: 天喜+月德
│├ 大限:83~92虚岁
│└ 小限:4,16,28,40,52,64,76,88,100,112虚岁
├子女宫[丙申]
│├ 主星: 武曲[得]+天相[庙]
│├ 辅星: 天马
│├ 小星: 凤阁+天虚+年解
│├ 大限:93~102虚岁
│└ 小限:5,17,29,41,53,65,77,89,101,113虚岁
├夫妻宫[丁酉]
│├ 主星: 太阳[陷]+天梁[得]
│├ 辅星: 天钺
│├ 小星: 天姚+破碎
│├ 大限:103~112虚岁
│└ 小限:6,18,30,42,54,66,78,90,102,114虚岁
├兄弟宫[戊戌]
│├ 主星: 七杀[庙]
│├ 辅星: 地劫
│├ 小星: 恩光+华盖+旬空+蜚廉+阴煞
│├ 大限:113~122虚岁
│└ 小限:7,19,31,43,55,67,79,91,103,115虚岁
├命宫[己亥]
│├ 主星: 天机[平][生年权]
│├ 辅星: 文昌[利]+天魁
│├ 小星: 天寿+天德
│├ 大限:3~12虚岁
│└ 小限:8,20,32,44,56,68,80,92,104,116虚岁
├父母宫[庚子]
│├ 主星: 紫微[平]
│├ 辅星: 左辅+地空+火星[陷]
│├ 小星: 三台+天福+天厨
│├ 大限:13~22虚岁
│└ 小限:9,21,33,45,57,69,81,93,105,117虚岁
├福德宫[辛丑]
│├ 主星: 
│├ 辅星: 
│├ 小星: 红鸾+天才+封诰+寡宿
│├ 大限:23~32虚岁
│└ 小限:10,22,34,46,58,70,82,94,106,118虚岁","['兄弟宫 七杀 地劫 人际关系 影响', '命宫 天机 文昌 人际关系 影响', '迁移宫 太阴 禄存 人际关系 影响']","最终结论: 你的未来人际圈可能会经历一定的波动和变化，但也有机会通过努力改善现状。

关键理由:
- 迁移宫的主星太阴在陷地，表明在外的交际能力可能受到限制，导致人际关系的稳定性较差。这可能会使你在社交场合中感到孤立或难以获得他人的支持。
- 辅星禄存的存在虽然可以为你带来一些机遇，但由于主星的影响，可能需要更多的努力才能在交际中获得认可和支持。
- 迁移宫的复杂性可能导致你的人际关系较为复杂，可能会有一些误解或不愉快的情况发生。

建议:
- 尽量主动参与社交活动，增加与他人的接触，尤其是在大限期间（63~72虚岁），可能会有更好的机会来改善人际关系。
- 在交际中保持耐心和包容，避免因误解而导致的人际冲突，努力去理解他人的观点。
- 考虑与志同道合的人建立联系，寻找能够支持你的人际圈，增强自己的社交网络。
- 定期反思自己的人际关系，及时调整与他人的相处方式，以适应变化的环境和人际关系。"
